VB,VBN,IN,NN,NN
NN,NNS,WDT,NNS,VBP
IN,NN,WDT,DT,NN
PRP,VBZ,IN,CD,","
NN,TO,DT,NN,NN
PRP,VBD,IN,DT,NN
DT,NN,IN,VBZ,RBR
VBZ,RBR,IN,CD,MD
JJ,NN,WDT,NN,MD
NNP,VBZ,IN,NN,NN
DT,NN,IN,VBZ,VBN
NN,NN,WDT,NN,VBP
JJ,NNS,WDT,NN,DT
DT,NN,WDT,VBZ,VBN
JJ,NN,WDT,VBZ,NN
VBP,VBN,IN,NN,TO
NN,CC,IN,NN,MD
NN,TO,DT,",",NNS
NNS,VBP,IN,NN,NNS
PRP,VBP,IN,NN,TO
PRP$,JJ,IN,NNS,VBP
DT,NNS,WDT,VBP,IN
PRP$,NNS,WDT,NN,NN
JJ,NNS,WDT,DT,NN
NNP,VBZ,IN,NN,NN
VBZ,NNS,IN,``,NN
NNP,NNS,WDT,VBP,NN
PRP,VBD,IN,EX,VBP
NN,VBZ,IN,NNS,VBP
NNS,RB,IN,VB,NNS
IN,NN,IN,NN,NNS
NN,VBZ,IN,NN,IN
NNP,VBZ,IN,DT,NNS
NNS,VBZ,IN,POS,PRP
DT,NN,WDT,VBP,NNS
JJ,NN,WDT,VBZ,DT
DT,NN,IN,NN,VBZ
JJ,NNS,WDT,NNS,DT
DT,NNS,WDT,NN,NNS
VBZ,JJ,IN,NN,VBZ
PRP,VBZ,IN,PRP,MD
NN,CC,IN,IN,RB
NN,NN,WDT,VBZ,VBP
NN,CC,IN,RB,MD
PRP,VBZ,IN,DT,NN
NN,TO,DT,",",DT
IN,NN,IN,JJ,NNS
RB,VBZ,IN,EX,VBP
RB,VBZ,IN,NN,NNS
DT,NNS,WDT,VBP,NNS
NNP,VBZ,IN,``,DT
JJ,NNS,WDT,NN,NNS
RB,RB,WDT,",",PRP
DT,NN,IN,JJ,NNS
JJ,NNS,WDT,JJ,IN
DT,NN,IN,VBN,PRP
RB,VBZ,IN,JJ,NNS
IN,IN,DT,",",PRP
NN,IN,DT,DT,NN
CC,MD,IN,VB,PRP
WP,VBD,IN,PRP,VBP
NN,CC,IN,MD,VB
DT,NN,WDT,VBZ,NN
IN,NN,IN,MD,VB
NN,VBG,IN,PRP,VBP
",",CC,IN,MD,VB
NN,NN,WDT,VBZ,JJ
IN,NNS,IN,MD,VB
IN,NNS,IN,VBP,JJR
JJ,NN,WDT,DT,","
PRP,VBZ,IN,JJ,NNS
NNP,VBZ,IN,NN,NN
VBZ,VBG,IN,PRP,VBP
VBN,IN,DT,WRB,NNS
NN,IN,DT,",",PRP
PRP,VBD,IN,JJ,NN
",",CC,IN,VBZ,DT
MD,VB,IN,EX,MD
DT,NNS,WDT,PRP,VBP
JJ,NN,WDT,VBD,VBN
NNS,MD,IN,VB,NN
DT,NN,IN,VB,DT
NN,NNS,WDT,PRP,VBP
NNS,VBD,IN,DT,NNS
NNP,VBD,IN,VBG,IN
DT,NNS,WDT,NN,IN
JJ,NNS,WDT,MD,VB
DT,NN,IN,PRP,VBP
VBZ,IN,DT,TO,DT
NNS,IN,DT,NN,NN
NN,NN,WDT,DT,NNS
IN,NNS,IN,NN,DT
JJ,NN,IN,PRP,MD
JJ,NN,WDT,DT,NN
IN,NNS,WDT,VBZ,DT
JJ,NNS,WDT,NNS,DT
NNS,NNS,WDT,VBP,DT
JJ,NNS,WDT,NN,PRP
NN,NN,WDT,VBP,JJ
NN,VBD,IN,PRP,VBP
DT,NN,WDT,NNS,VBP
VBG,NNS,WDT,VBP,RB
JJ,IN,DT,NN,IN
CC,NNS,WDT,NN,TO
JJS,NN,WDT,NNS,TO
DT,NN,WDT,MD,VB
PRP,VBP,IN,DT,NN
NN,NNS,WDT,PRP,MD
NN,",",IN,VBZ,RB
",",VBZ,IN,NN,NN
PRP,VBD,IN,EX,VBP
NN,NN,WDT,NNS,VBP
NNP,VBZ,IN,NN,TO
TO,JJR,IN,CD,NN
NNP,VBZ,IN,NN,NN
CC,MD,IN,NN,TO
NN,NNS,WDT,NN,NNS
PRP,VBZ,IN,DT,NNS
VBZ,JJ,IN,JJ,NN
DT,NNS,WDT,VBP,RB
TO,VB,IN,NNS,CC
RB,VBN,IN,NNS,.
NNP,VBZ,IN,DT,NN
PRP$,NNS,WDT,MD,RB
NNS,IN,DT,NNS,IN
VBN,VBN,IN,JJ,TO
IN,VBG,IN,``,JJ
NNS,VBP,IN,PRP,VBP
WDT,NN,WDT,NNP,NN
NNS,VBP,IN,NN,IN
IN,VBG,IN,NNP,VBZ
TO,VB,IN,NN,IN
NN,TO,DT,",",PRP
PRP,VBP,IN,DT,NN
NN,VBZ,IN,MD,VB
NNP,NN,WDT,",",``
VB,JJ,IN,NN,MD
JJ,NNS,WDT,NN,NN
NN,NN,IN,DT,NN
NN,VBD,IN,",",''
VBP,VBN,IN,DT,NN
NNS,VBP,IN,NN,NN
NN,NN,WDT,NN,VBZ
NNP,VBD,IN,",",``
JJ,NNS,WDT,VBZ,IN
NNS,VBP,IN,NN,NN
NNP,VBD,IN,",",``
NN,NN,IN,VBZ,VBN
VBN,NN,IN,NNS,VBP
NNS,VBP,IN,DT,NN
NN,NN,WDT,MD,VB
RB,IN,IN,EX,VBP
DT,NN,IN,VBN,TO
VBN,IN,DT,NN,","
NN,VBZ,IN,DT,NN
VB,NN,IN,VBP,VBN
JJ,NNS,WDT,VBP,VBN
DT,NNS,WDT,MD,VB
VB,NNS,WDT,MD,VB
JJ,NN,IN,MD,VB
DT,NNS,IN,VBP,DT
DT,NN,IN,VBZ,VBG
NNP,VBZ,IN,PRP,VBP
NN,NN,WDT,NN,IN
JJ,VBN,IN,DT,NNS
RB,VBZ,IN,DT,NN
JJ,NNS,WDT,VBP,IN
NN,IN,DT,",",NN
PRP,VBP,IN,NN,RB
VB,NN,WDT,NNS,VBP
NNS,NN,WDT,VBZ,VBN
DT,NN,IN,NNS,IN
NNP,VBP,IN,CD,NN
NNS,VBP,IN,DT,NN
DT,NN,IN,VBZ,VBG
VBP,VBN,IN,NN,DT
DT,NN,WDT,NNS,VBP
DT,NNS,WDT,NNS,VBP
DT,NN,WDT,PRP,VBP
IN,NNS,WDT,MD,VB
NNS,IN,DT,DT,JJ
JJ,CC,IN,MD,VB
NN,VBZ,IN,NNS,MD
JJ,NNS,WDT,PRP,MD
DT,NN,WDT,MD,VB
DT,NN,IN,PRP,RB
WDT,VBZ,DT,PRP,VBP
NN,VBZ,IN,NNS,WP
NNS,VBP,IN,VBG,NN
JJS,NNS,DT,NN,DT
VBG,",",IN,MD,VB
",",VBG,IN,JJR,IN
VBG,NN,WDT,VBP,NN
'',VBZ,IN,DT,NN
NNS,VBZ,IN,VBG,DT
NNS,VBP,IN,NN,MD
'',VBZ,IN,IN,DT
IN,NNS,IN,JJ,DT
NNP,VBZ,IN,``,JJ
VBG,VBZ,IN,VBG,IN
NN,IN,DT,MD,VB
DT,NN,IN,JJ,DT
NNS,VBD,IN,DT,NN
NN,NN,WDT,DT,NN
NN,IN,DT,NN,NN
NNS,",",IN,VBZ,IN
TO,VB,IN,NN,:
IN,NN,IN,NN,MD
DT,JJ,IN,NNS,MD
JJ,NNS,WDT,NNS,MD
",",NNS,WDT,VBP,JJ
",",NNS,WDT,VBP,RB
NN,TO,DT,NNS,VBP
JJ,TO,DT,",",DT
MD,VB,IN,JJ,NN
JJ,NNS,WDT,VBZ,JJ
NNS,VBP,IN,TO,VB
PRP$,NN,WDT,PRP,VBP
JJ,NN,IN,VBN,IN
",",VBD,IN,NN,CC
DT,NN,IN,NNS,VBD
NNS,VBD,IN,CD,NNS
IN,VBG,IN,VBZ,VBG
NNS,VBP,IN,JJ,NN
JJ,CC,IN,NN,MD
VBN,NNS,IN,JJ,PRP
IN,NN,WDT,NN,NN
NNS,VBP,IN,NN,IN
MD,VB,DT,CC,MD
RB,VBP,IN,VBG,WRB
NN,NNS,WDT,NN,PRP
PRP$,NN,WDT,PRP,VBP
RB,VBG,IN,MD,VB
NN,NNS,WDT,MD,VB
DT,NNS,WDT,PRP,VBP
JJ,",",IN,VBZ,PRP
DT,NN,IN,PRP,VBP
NNP,VBD,IN,PRP,MD
NN,VBZ,IN,PRP,VBD
DT,NN,IN,VBG,IN
NN,NN,WDT,NN,PRP$
DT,NNS,WDT,MD,VB
:,NN,IN,PRP,VBP
DT,NN,IN,PRP,VBP
VBP,IN,DT,NN,VBG
NN,IN,DT,JJ,NN
JJ,NN,WDT,VBZ,DT
VBP,IN,DT,NN,PRP
RB,RB,IN,DT,NN
JJ,IN,DT,",",JJ
VBP,VBN,IN,NNS,VBP
DT,NN,IN,MD,VB
NNP,VBZ,IN,NN,CC
VB,PRP,IN,",",NN
VBD,VBN,IN,",",NNP
NN,-NONE-,IN,JJ,NN
DT,NN,IN,DT,NN
NN,RP,IN,VBG,NNS
JJ,NN,WDT,VBZ,PRP$
JJ,NN,WDT,MD,VB
NNS,NNS,WDT,DT,NNS
NNP,VBZ,IN,NNS,WP
IN,NN,IN,VBZ,RB
NN,",",IN,RB,JJ
NNP,NNS,WDT,VBG,CC
DT,NN,IN,PRP$,NNS
DT,NN,IN,VBN,IN
NN,NNS,WDT,JJ,IN
VB,NN,IN,VBZ,PRP
JJS,NN,WDT,VBZ,MD
NNS,VBP,IN,PRP,VBZ
NN,CC,IN,VBZ,JJ
JJ,NNS,WDT,NN,PRP
DT,NNS,WDT,MD,VB
JJ,NN,WDT,MD,VB
NN,NN,WDT,VBZ,DT
NNP,VBZ,IN,DT,NN
NN,NN,WDT,VBZ,VBN
RB,VBZ,IN,DT,NN
RBR,VBZ,IN,NNS,WP
JJ,NN,WDT,NN,RB
JJ,NN,IN,VBN,IN
JJ,NNS,WDT,MD,VB
VBP,NN,IN,MD,VB
DT,NN,IN,MD,VB
JJ,NNS,WDT,NN,WRB
VB,VBN,IN,TO,VB
JJ,NNS,WDT,VBG,CC
VB,NNS,WDT,NN,IN
DT,NNS,WDT,PRP,VBP
JJ,NNS,WDT,NN,NNS
JJ,NNS,WDT,VBP,RB
NN,CC,IN,NNS,DT
JJ,NNS,WDT,VBZ,PRP
JJ,NNS,WDT,PRP,VBP
DT,NNS,WDT,JJ,NN
RB,VBD,IN,PRP$,NN
DT,NN,IN,NNS,VBP
DT,NN,IN,NNS,VBP
DT,NN,WDT,DT,NN
JJ,NN,WDT,JJ,NNS
DT,NNS,WDT,NN,TO
DT,NNS,IN,VBP,.
DT,NN,IN,NNS,RB
DT,NN,IN,NNS,MD
DT,NN,WDT,PRP,MD
NNS,VBP,IN,JJ,NNS
DT,NNS,WDT,VBP,NNS
DT,NNS,IN,MD,RB
'',NN,IN,",",''
DT,NNS,IN,NNS,NNS
NN,",",IN,MD,VB
NNP,VBD,IN,NN,IN
IN,NN,WDT,NN,JJ
NN,",",IN,NNS,DT
NN,",",IN,NN,TO
VB,",",IN,NN,PRP
",",IN,DT,JJ,PRP
NNS,",",IN,NN,PRP
NN,",",IN,JJ,PRP
MD,VB,IN,VBG,JJ
IN,NNS,WDT,NN,NN
NNP,VBD,IN,JJS,IN
",",CC,IN,MD,VB
VB,",",IN,MD,VB
IN,NN,IN,VB,VBN
DT,NN,IN,VB,JJ
DT,NN,IN,NN,TO
JJ,NN,WDT,VB,NN
DT,NNS,WDT,VBD,DT
'',VBZ,IN,VBG,IN
DT,NNS,WDT,JJ,NN
NN,NN,WDT,DT,DT
NN,NN,WDT,DT,NNS
VB,JJ,IN,EX,VBP
NN,NNS,WDT,VBD,RB
JJ,NNS,WDT,VBZ,WRB
RBR,JJ,IN,WP,TO
NNP,VBZ,IN,PRP,CC
VBZ,RB,IN,DT,JJS
NN,VBZ,IN,DT,NN
DT,NN,IN,WRB,TO
NNP,VBZ,IN,DT,NN
NN,NN,IN,NNS,VBP
NNS,NNS,WDT,VBP,RBR
NN,IN,DT,VBP,RB
NNP,VBZ,IN,NNS,IN
PRP,VBZ,IN,NNS,VBP
PRP,VBP,IN,EX,VBZ
VBZ,JJ,IN,WP,NN
JJ,NN,WDT,VBD,RB
PRP,VBP,IN,DT,NN
NNP,'',WDT,DT,JJ
RB,VBP,DT,IN,NNS
DT,NN,IN,JJ,NNS
DT,NN,IN,NN,IN
NNS,VBP,IN,NNS,IN
NNP,VBZ,IN,DT,JJ
NNP,NN,WDT,``,:
JJ,NN,WDT,MD,VB
DT,JJ,IN,VBG,IN
DT,JJ,IN,VBG,NN
NNS,VBP,IN,NN,VBG
RB,VBN,IN,NN,NNS
RB,VBZ,IN,IN,VBG
NNS,VBP,IN,JJ,NNS
VBG,NN,IN,JJ,TO
NN,CC,IN,JJ,IN
NN,IN,DT,NNS,RB
VB,VBN,IN,IN,JJ
IN,NN,IN,VBD,VBN
DT,NNS,IN,VBN,DT
NN,'',WDT,DT,NNS
NNS,VBP,IN,VBG,JJ
NNS,VBP,IN,NN,VBG
NNS,VBP,IN,NN,VBZ
JJ,NN,WDT,VBD,TO
DT,VBZ,IN,NN,IN
NNS,CC,IN,WRB,DT
JJ,NNS,WDT,PRP,VBP
NNP,CC,IN,MD,VB
MD,VB,IN,NN,VBG
IN,NN,IN,MD,VB
NNS,VBP,IN,NN,VBG
JJ,NNS,WDT,VBN,DT
JJ,NNS,WDT,NN,JJS
JJR,NN,WDT,VBZ,VBN
NN,",",IN,VBN,TO
NNP,NN,WDT,VBZ,VBN
VBG,JJ,IN,RB,IN
VBZ,NN,IN,PRP,VBP
NNS,VBP,IN,DT,NN
NNS,VBP,IN,DT,VBZ
PRP,VBD,IN,DT,JJS
NN,VBZ,IN,NN,NNS
NNS,VBP,IN,NN,VBG
RB,",",IN,VBZ,JJ
DT,NN,IN,NN,NN
RB,",",IN,NN,RB
NN,NN,IN,VBZ,DT
IN,NNS,WDT,VBP,NNS
JJ,NNS,WDT,NN,TO
NN,NNS,WDT,VB,DT
CC,NNS,WDT,NN,TO
IN,NN,IN,NN,DT
NNS,VBP,IN,NN,VBG
PRP,VBP,IN,DT,NN
NNS,VBP,IN,DT,NNS
NNS,VBP,IN,DT,NNS
NN,NNS,IN,NN,TO
DT,NN,IN,JJ,JJ
NNS,VBP,IN,NN,VBG
DT,NNS,IN,VBP,DT
JJ,NNS,WDT,DT,NNS
JJ,NNS,WDT,IN,IN
JJ,NN,IN,JJ,NNS
DT,NNS,WDT,VBD,IN
IN,NN,IN,NN,RB
JJ,NN,WDT,DT,NNS
IN,NN,IN,NN,RB
JJ,NNS,WDT,VBD,IN
IN,NNS,WDT,NN,DT
NNS,VBP,IN,NN,VBZ
NNP,VBZ,IN,DT,NN
NNS,VBP,IN,NN,VBG
NN,CC,IN,WP,NNS
NNP,VBZ,IN,NN,VBG
NNS,VBP,IN,NN,VBG
JJ,NNS,WDT,VBN,TO
NNS,NN,IN,VBZ,WRB
RB,JJ,IN,NN,NNS
NNS,IN,DT,CC,IN
DT,CC,IN,NN,NNS
PRP,VBD,IN,IN,DT
JJ,IN,DT,EX,VBD
MD,VB,IN,EX,VBP
RB,RB,WDT,CC,RB
VB,RB,IN,VBD,CD
CC,IN,DT,JJ,NNS
NN,NN,WDT,MD,VB
VBZ,VBN,IN,VBG,NNS
NNS,VBP,IN,DT,NN
NNS,IN,DT,IN,NNP
NNP,NNS,WDT,DT,NNS
NNS,CC,IN,NN,DT
NNP,NNS,WDT,EX,VBP
DT,NNS,WDT,DT,NN
PRP,VBZ,IN,NN,IN
NN,NNS,WDT,PRP,VBD
NNP,NNS,WDT,DT,NNP
NNP,NNP,WDT,VBD,DT
RB,VBZ,IN,EX,VBP
NNS,NN,IN,DT,NN
NN,NNS,WDT,PRP$,NNS
VB,VBN,IN,JJ,NNS
JJ,NN,WDT,VBP,VBG
NN,CC,IN,NN,DT
IN,NNS,WDT,MD,VB
JJ,NN,WDT,MD,VB
JJS,NN,WDT,NN,NNS
DT,NN,IN,MD,VB
NNS,VBP,IN,IN,NN
RB,RB,IN,NNS,TO
JJ,NN,WDT,JJS,NNS
MD,VB,IN,EX,VBP
JJ,NNS,WDT,MD,VB
JJ,NNS,WDT,MD,VB
NNS,VBP,IN,NN,NN
DT,NNS,WDT,DT,NNS
DT,NNS,IN,NN,VBZ
NNS,VBP,IN,JJ,NN
JJ,NN,WDT,MD,VB
NNS,VBP,IN,NN,VBG
IN,CD,WDT,VBN,TO
NN,NNS,WDT,MD,VB
VBZ,JJ,IN,NN,VBG
JJ,NNS,WDT,VBP,TO
VBP,PRP,IN,NN,JJ
NN,NN,WDT,VBZ,RB
IN,NNS,WDT,MD,VB
JJ,NN,WDT,VBZ,RB
NNS,VBP,IN,DT,NN
VB,NN,WDT,VBP,RB
DT,NN,IN,NNS,VBP
RB,VBP,IN,VBG,NNS
NNS,VBP,IN,PRP,VBZ
DT,NN,IN,NNS,PRP
NNS,",",IN,NN,TO
DT,NN,IN,VBZ,IN
VBZ,IN,DT,NN,WDT
",",VBZ,IN,PRP,VBP
PRP,VBP,IN,PRP,VBZ
RB,VB,IN,",",IN
JJ,NN,WDT,PRP,VBD
CC,RB,IN,PRP,VBZ
DT,NNS,IN,VBP,JJ
JJR,NNS,WDT,PRP,VBP
NN,IN,DT,NN,.
DT,NNS,WDT,NNS,CC
NNS,VBP,IN,NN,IN
DT,NNS,WDT,NN,DT
DT,NNS,IN,JJ,DT
",",IN,DT,VBZ,PRP
IN,NNS,WDT,VBP,VBD
DT,NNS,IN,PRP,VBP
MD,VB,IN,DT,NN
DT,NN,IN,VBZ,IN
DT,NNS,IN,PRP,VBP
DT,NNS,IN,VBP,VBN
VBG,NN,WDT,VBD,VBN
DT,NNS,WDT,NNS,VBD
JJ,NNS,WDT,DT,NNS
DT,NNS,WDT,VBP,JJ
RB,RB,WDT,NN,VBZ
DT,NNS,IN,NN,DT
DT,NNS,IN,JJ,JJ
DT,NNS,IN,PRP,VBP
",",CC,IN,VBZ,RB
",",RB,IN,PRP,MD
NN,IN,DT,NN,:
NNS,VBP,IN,NN,JJ
DT,NNS,WDT,NNS,IN
NNS,RB,IN,DT,NN
DT,NN,IN,NNP,NN
NNS,VBP,IN,PRP,MD
JJ,NNS,WDT,PRP$,NNS
PRP,VBP,IN,DT,NN
NNS,CC,IN,MD,VB
JJ,NN,WDT,VBZ,RB
DT,NNS,WDT,VBP,RB
VBG,TO,DT,",",NNP
JJ,NN,IN,NNS,CC
JJ,NNS,WDT,VBP,PRP$
DT,VBZ,IN,NN,VBZ
RB,VB,DT,NN,IN
PRP,VBP,IN,DT,NN
TO,VB,IN,NN,.
TO,VB,IN,NN,.
DT,VBZ,IN,JJ,NNS
NNS,IN,DT,DT,NNS
NNS,VBP,IN,PRP$,NN
JJ,NNS,WDT,PRP,VBP
IN,NN,IN,VB,RB
PRP,VBZ,IN,DT,NN
NNP,VBZ,IN,``,JJ
DT,VBZ,IN,PRP,VBP
VBZ,VBN,IN,PRP,VBP
TO,VB,IN,PRP,MD
NN,VBZ,IN,PRP,VBZ
VBZ,PRP,IN,EX,VBP
NN,NNS,WDT,PRP,VBP
NN,CC,IN,NNS,DT
NNP,VBZ,IN,``,DT
VBZ,PRP,IN,PRP,VBZ
NNP,VBZ,IN,``,NNP
VBZ,PRP,IN,DT,NNS
JJ,IN,DT,",",PRP
NNP,VBZ,IN,``,NNS
NN,PRP,IN,DT,NNS
NN,CC,IN,MD,VB
TO,VB,IN,DT,NN
NNS,VBP,IN,NNS,MD
``,VBZ,DT,",",IN
PRP,VBZ,IN,NNS,VBP
TO,VB,IN,NNS,VBP
NNP,VBP,IN,",",VBD
",",NNP,IN,NN,NNS
``,VBZ,DT,VBZ,VBN
NNP,VBZ,IN,NN,IN
DT,NNS,WDT,PRP,VBD
RB,VBN,IN,DT,NNS
PRP,RB,IN,PRP,VBP
DT,NNS,IN,PRP,VBP
DT,NN,IN,PRP,VBG
VB,IN,DT,NN,RB
DT,NNS,WDT,PRP,VBD
NNP,",",IN,MD,VB
NN,NN,WDT,PRP,RB
VB,NNS,WDT,PRP,VBP
DT,NN,WDT,PRP,VBP
VB,NNS,WDT,VBP,VBG
DT,NN,WDT,VBZ,RBR
DT,NN,WDT,NN,WP
IN,NNS,WDT,MD,RB
DT,NN,WDT,MD,VB
DT,NN,WDT,NN,NNS
NN,VBZ,IN,DT,NNP
CC,IN,DT,NN,","
DT,NN,IN,PRP,VBZ
RBR,IN,DT,NN,NNP
JJ,NNS,WDT,MD,VB
DT,NNS,WDT,DT,NNS
DT,NNS,WDT,VBP,VBN
NNS,CC,IN,WRB,PRP
NNP,VBZ,IN,DT,NN
DT,NNS,WDT,PRP,MD
NNS,IN,DT,MD,VB
NN,NNS,WDT,PRP$,NNS
DT,NN,IN,IN,JJ
VBG,NNS,WDT,NNS,VBD
JJ,NNS,WDT,VBP,VBN
NN,VBN,IN,IN,DT
VBZ,NN,IN,JJ,NNS
VBZ,JJ,IN,VBG,JJ
NN,NN,WDT,PRP,VBZ
NNS,IN,DT,",",CC
DT,NN,IN,PRP,VBP
NNS,VBP,IN,JJ,VBP
PRP,VBP,IN,IN,JJ
VB,IN,DT,IN,NN
DT,JJ,IN,DT,NN
NNS,VBP,IN,DT,NN
MD,VB,IN,DT,JJ
VBN,NN,IN,VB,RB
NNS,VBP,IN,DT,JJ
JJ,NN,WDT,VBZ,VBZ
NN,",",IN,VBN,IN
MD,VB,IN,DT,NN
NN,NN,WDT,DT,JJ
CC,VBZ,IN,DT,JJ
NN,'',WDT,VB,DT
DT,NN,WDT,PRP,VBP
IN,VBG,IN,VBG,NN
NN,IN,DT,DT,NN
CC,IN,DT,NN,MD
VBP,NNS,IN,VBP,VBN
IN,NNS,WDT,VBP,VBN
PRP,VBD,IN,EX,MD
DT,NNS,IN,MD,VB
DT,NN,WDT,PRP,VBD
VBP,VBN,IN,NNS,CC
CC,NNS,WDT,VBP,VBN
VBZ,VBN,IN,PRP,VBZ
IN,VBG,IN,PRP,VBZ
PRP,VBP,IN,JJ,NN
RB,VBP,IN,JJ,NN
JJ,NN,WDT,PRP,VBP
DT,NN,WDT,VBZ,DT
VBZ,JJ,IN,NN,NN
RBR,JJ,IN,CD,VBD
VB,NNS,IN,MD,VB
NNS,VBP,IN,JJ,NN
VBP,NNS,IN,NNS,PRP$
NNP,VBD,IN,NNS,IN
DT,NN,IN,PRP,MD
JJ,NN,WDT,MD,RB
NN,NNS,WDT,NNS,VBP
NNS,VBP,IN,DT,JJ
PRP,VBP,IN,PRP,VBZ
JJ,NN,WDT,MD,VB
WP,VBP,IN,DT,JJ
NNS,IN,IN,PRP,MD
IN,NNS,WDT,NN,IN
RB,VBP,IN,WRB,PRP
IN,NNS,WDT,NN,DT
JJ,CC,IN,MD,VB
NN,RB,IN,PRP,MD
IN,NNS,WDT,RB,TO
NN,NNS,WDT,NNS,MD
WP,VBP,IN,JJ,NN
",",VBP,IN,``,NNS
PRP,VBZ,IN,RB,DT
PRP,VBZ,IN,EX,VBZ
NNS,JJ,IN,JJ,NNS
",",VBZ,IN,WRB,JJ
PRP,VBZ,IN,``,DT
NNS,VBZ,IN,VBZ,RB
NN,VBP,IN,NN,NNS
NN,NN,WDT,NN,IN
DT,NN,IN,DT,NNS
NNS,VBG,IN,JJ,NNS
JJ,NNS,WDT,NN,NN
NN,VBD,IN,JJ,NN
RBR,JJ,IN,JJ,NN
JJ,NN,WDT,JJ,NN
JJ,NN,WDT,``,NNP
NN,NN,WDT,JJ,NN
IN,NNS,WDT,VBP,DT
PRP,VBP,IN,JJ,NN
CD,NN,WDT,DT,NNS
JJ,NN,WDT,PRP,VBP
NN,NN,WDT,MD,VB
JJ,NN,WDT,MD,VB
JJ,NN,WDT,DT,JJ
JJ,NNS,WDT,MD,VB
DT,NN,IN,DT,JJ
JJ,JJ,IN,VBP,JJ
NN,CC,IN,VBP,RB
JJ,NN,WDT,PRP,MD
DT,NN,IN,VBZ,VBN
JJ,NNS,WDT,MD,VB
JJ,NNS,WDT,VBP,VBN
WDT,NNS,WDT,DT,JJ
DT,NN,IN,NN,IN
CC,VBZ,IN,JJ,.
JJ,NNS,WDT,DT,JJ
CC,NNS,WDT,VBP,RB
JJ,NN,IN,DT,JJR
VB,VBN,IN,DT,JJ
JJ,NN,WDT,MD,VB
JJ,NNS,WDT,DT,JJ
JJ,NNS,WDT,DT,JJ
PRP,VBP,IN,VBD,RB
VBN,VBN,IN,EX,VBP
",",VBG,IN,PRP$,NN
JJ,NN,WDT,MD,VB
VBN,NNS,IN,NN,PRP$
DT,NNS,WDT,NN,VBP
JJ,NNS,WDT,MD,VB
NN,IN,DT,",",NNS
DT,NNS,WDT,NN,IN
POS,NN,IN,MD,VB
DT,NN,WDT,VBZ,TO
CC,NNS,WDT,VBP,JJ
IN,PRP,IN,DT,NN
JJ,NN,IN,JJ,PRP
DT,NNS,WDT,NN,VBP
DT,NNS,WDT,NNS,VBP
DT,NNS,WDT,VBP,VBN
NNS,JJ,IN,JJ,NN
NN,",",IN,MD,RB
PRP,VBD,IN,DT,NN
PRP,VB,IN,DT,NN
DT,NNS,WDT,DT,NNS
NN,",",IN,VBZ,JJ
RBR,IN,DT,:,PRP
PRP,VB,IN,DT,NNS
VBG,JJR,IN,NNS,NN
NN,IN,DT,",",JJ
VBG,NNS,WDT,MD,VB
VB,NN,WDT,VBZ,VBP
VBG,NN,IN,VBZ,VBN
DT,NNS,WDT,VBP,RB
NN,NN,WDT,VBZ,VBG
JJ,NN,WDT,MD,VB
JJ,NN,WDT,NN,DT
DT,NNS,DT,MD,VB
JJ,NNS,WDT,MD,VB
DT,NN,IN,NN,IN
JJ,NN,WDT,VB,VBP
VBG,NNS,WDT,VBP,DT
PRP,VBP,IN,PRP,VBZ
JJ,NNS,WDT,NN,DT
NN,VBZ,IN,JJS,IN
DT,NN,IN,PRP,VBP
NN,VBZ,IN,VBG,CC
JJS,NN,WDT,PRP,VBP
NNP,VBZ,IN,DT,JJ
VBN,IN,DT,NN,.
JJ,NNS,WDT,MD,VB
IN,NNS,WDT,PRP,VBP
DT,NN,IN,NN,VBZ
DT,NN,WDT,PRP,VBP
DT,NNS,WDT,PRP,VBP
DT,NN,IN,NN,NN
VBZ,JJ,IN,NN,PRP
NNS,VBP,IN,NN,DT
DT,NNS,WDT,VBP,PRP
PRP,VBP,IN,WRB,TO
DT,VBZ,IN,DT,NN
IN,NN,IN,NNS,PRP
",",VBD,IN,NN,","
JJ,NN,WDT,NN,TO
NNS,VBP,IN,DT,NN
DT,NN,IN,NN,TO
NNS,VBD,IN,NN,RB
WP,VBD,IN,NN,CC
VBD,RP,IN,PRP,VBZ
POS,NNS,IN,VBZ,:
PRP$,NN,IN,NNP,VBP
JJ,NN,WDT,VBZ,JJR
IN,JJ,IN,PRP,MD
NNP,VBZ,IN,PRP,VBZ
VBZ,JJ,IN,WP,PRP
DT,NN,WDT,",",WP
JJ,NN,IN,PRP,MD
JJ,NNS,WDT,NN,DT
NN,NN,WDT,JJ,CC
NN,NN,IN,JJ,TO
IN,NN,IN,DT,NNS
PRP,VBP,IN,DT,NNS
VBP,VBN,IN,NN,IN
",",CC,IN,IN,IN
PRP,NN,IN,CD,IN
NNP,NN,IN,PRP,VBZ
NN,VBZ,IN,DT,NNS
NNS,VBP,IN,JJ,NN
NNP,VBD,IN,DT,NN
DT,JJ,IN,DT,NN
DT,NN,IN,VBG,IN
JJ,NN,WDT,EX,VBZ
VBP,IN,DT,VBZ,IN
DT,NN,WDT,PRP,MD
JJ,NN,WDT,PRP,VBP
PRP,VBP,IN,DT,VBG
JJ,NNS,WDT,VBD,IN
NNS,VBP,IN,DT,NNS
DT,NNS,WDT,VBP,VBN
DT,NNS,WDT,VBP,VBN
IN,NNS,WDT,IN,NN
JJ,NNS,WDT,VBD,IN
DT,NN,IN,VBN,IN
CD,NNS,WDT,VBP,JJ
DT,NN,IN,VBZ,IN
IN,VBZ,IN,NNS,MD
JJ,NNS,WDT,VBP,VBN
JJ,NN,WDT,VBZ,RBR
NN,VBZ,IN,WP,NNS
RBS,NNS,WDT,DT,NNS
NN,IN,DT,NNS,VBP
DT,NN,IN,VBZ,JJ
IN,NN,IN,NN,DT
IN,NNS,WDT,VBP,PRP
NNS,VBP,IN,DT,NN
TO,VB,IN,IN,PRP
IN,NN,IN,PRP,VBP
VBZ,JJR,IN,PRP,","
DT,NN,IN,PRP,VBZ
TO,PRP,IN,DT,NNS
DT,NN,IN,VBZ,JJ
IN,NN,IN,VBZ,JJ
DT,NNS,WDT,VBP,DT
IN,NNS,IN,VBP,IN
DT,NN,WDT,VBN,IN
VBP,VBG,IN,VBZ,JJ
JJ,NNS,WDT,MD,VB
VBZ,JJ,IN,DT,NNS
NN,NN,WDT,PRP,VBP
NN,IN,IN,WRB,PRP
VBD,JJ,IN,PRP,VBD
JJ,IN,DT,",",PRP
VB,NNS,WDT,NN,TO
IN,IN,DT,",",RBS
CC,VB,IN,NN,TO
IN,IN,DT,",",NN
DT,NN,IN,VBN,TO
NN,NN,WDT,VB,JJ
VB,NNS,WDT,NN,DT
VBP,JJ,IN,DT,NN
PRP,VBD,IN,``,PRP
DT,NN,IN,NNS,VBP
VBZ,RP,IN,IN,DT
PRP,VBZ,IN,JJ,NN
JJ,NN,IN,MD,RB
NN,NNS,WDT,PRP$,NN
NN,VBZ,IN,IN,NN
NN,IN,DT,NN,VBZ
VBZ,VBN,IN,NNS,VBD
VBD,VBG,IN,",",RB
PRP,VBP,IN,JJ,DT
DT,NN,IN,NNS,VBP
JJ,NN,WDT,VBZ,PRP
DT,NN,IN,NNS,VBP
IN,NNS,WDT,PRP,VBP
NNP,VBP,IN,PRP,MD
DT,NN,IN,PRP,VBP
NNS,VBP,IN,DT,NN
JJ,NNS,WDT,MD,VB
NN,CC,IN,MD,VB
PRP,VBP,IN,WP,NNS
MD,VB,IN,PRP,VBZ
DT,NN,IN,PRP,VBP
NN,VBZ,IN,VBG,DT
JJ,NNS,WDT,VBN,TO
