CD,IN,DT,RBS,JJ
NNS,IN,DT,NN,.
NN,IN,DT,JJ,NNS
NNS,IN,DT,NN,NN
",",CC,DT,NN,VBP
RB,IN,DT,NN,IN
NN,NN,DT,NN,NN
NN,IN,DT,NN,RB
NNS,IN,DT,NNS,WP
VBD,VBN,DT,NN,NN
NNS,IN,DT,NN,TO
VB,IN,DT,VBN,NNS
MD,VB,DT,NN,NN
",",CC,DT,NN,IN
NN,TO,DT,NN,IN
NN,WDT,DT,NN,NN
MD,VB,DT,NN,RB
RB,IN,DT,JJ,NN
",",CC,DT,NN,.
RB,VBZ,DT,NN,TO
RB,VB,DT,NN,IN
NN,IN,DT,NN,IN
VBN,IN,DT,NN,NN
",",NNS,DT,NN,TO
CC,NN,DT,JJ,IN
JJ,IN,DT,NN,NN
NNS,IN,DT,NN,NN
VBN,IN,DT,NN,IN
NN,IN,DT,NNS,.
NN,TO,DT,JJ,NNS
VBP,IN,DT,NN,VBG
MD,VB,DT,NNS,VBP
MD,VB,DT,NNS,IN
NN,IN,DT,NN,RB
MD,VB,DT,NNS,NN
JJ,IN,DT,JJ,NNS
NNS,IN,DT,NN,NN
NN,IN,DT,NNS,MD
NN,",",DT,NN,MD
DT,IN,DT,NN,VBD
TO,VB,DT,NN,NN
NN,",",DT,NNS,MD
JJS,IN,DT,NNS,IN
MD,VB,DT,NN,TO
NN,IN,DT,NN,PRP
RBS,IN,DT,NNS,IN
WP,VBZ,DT,RBS,VBG
VB,PRP,DT,NN,.
VBD,IN,DT,JJ,NN
NN,IN,DT,JJ,NN
VBN,TO,DT,JJ,CC
NN,TO,DT,JJ,NN
NN,IN,DT,NN,IN
NN,IN,DT,NN,MD
RB,IN,DT,NNS,WP
VBN,IN,DT,JJ,NNS
VBZ,TO,DT,NN,TO
IN,NN,DT,NN,.
RB,IN,DT,NN,NN
CC,RB,DT,MD,VB
NNS,TO,DT,NNS,CC
NN,IN,DT,NNS,.
CD,IN,DT,JJ,CC
VB,TO,DT,NN,NN
TO,NN,DT,NN,VBZ
NNS,TO,DT,NNS,.
NN,IN,DT,NNS,VBZ
VB,IN,DT,NN,","
RB,IN,DT,NN,NNS
",",CC,DT,NN,VBG
TO,VB,DT,NN,VBD
",",IN,DT,JJ,NN
VBZ,IN,DT,NN,CC
JJ,IN,DT,NN,.
NN,TO,DT,NNS,NN
NNS,IN,DT,NNS,VBZ
NN,IN,DT,NN,NN
NNS,VB,DT,JJ,NNS
VBP,IN,DT,NNS,WDT
NNS,IN,DT,NN,CC
NNS,WDT,DT,NN,MD
VBG,TO,DT,NN,``
",",'',DT,NN,NNP
MD,VB,DT,NN,.
'',NNS,DT,NN,TO
VBG,``,DT,NN,IN
NN,IN,DT,NN,CC
PRP,IN,DT,NNS,TO
PRP,VBZ,DT,DT,NNS
VBZ,DT,DT,NNS,POS
NN,NNS,DT,NN,","
NN,",",DT,NN,","
NN,VBD,DT,NNS,","
CD,IN,DT,RBS,JJ
",",'',DT,NN,NNP
NN,IN,DT,NNS,''
NN,CC,DT,NN,.
PRP,IN,DT,NNS,.
NN,IN,DT,NNS,VBZ
CC,RB,DT,DT,NNS
RB,DT,DT,NNS,IN
CD,IN,DT,RBS,JJ
DT,IN,DT,NN,VBP
RB,VB,DT,NN,IN
NNS,TO,DT,NN,IN
IN,NN,DT,NN,NN
RB,VB,DT,NN,IN
JJ,IN,DT,JJ,NNS
RB,VB,DT,JJ,NN
NNS,IN,DT,NN,.
RB,IN,DT,JJ,NNS
PRP,VBG,DT,NN,IN
RB,VB,DT,NN,IN
RB,VBZ,DT,JJS,NN
VBP,VBG,DT,NNS,WDT
RP,IN,DT,CD,NNS
CD,NNS,DT,NNP,NNP
CC,IN,DT,NN,NNS
PRP,TO,DT,NN,NN
IN,IN,DT,JJ,NNS
NNS,TO,DT,JJ,NN
JJ,TO,DT,NN,IN
IN,IN,DT,NN,IN
VBG,IN,DT,JJ,NN
NNP,VBZ,DT,NN,IN
IN,IN,DT,NN,IN
NNP,VBD,DT,NNS,CC
CD,IN,DT,NNS,TO
NNS,IN,DT,NNS,","
DT,VBN,DT,NN,NNS
IN,VBZ,DT,JJ,IN
WP,VBZ,DT,NN,TO
VBN,PRP,DT,NN,JJ
NNS,DT,DT,NN,VBG
WDT,",",DT,JJR,DT
DT,JJR,DT,NN,VBZ
NN,VBZ,DT,JJR,NNS
MD,VB,DT,JJ,JJ
MD,VB,DT,NN,IN
MD,NNS,DT,NNS,VBD
NN,IN,DT,NN,IN
NN,IN,DT,NN,IN
VBD,IN,DT,NN,IN
NN,IN,DT,NN,.
NNS,IN,DT,NN,NN
VB,DT,DT,NNS,IN
CC,VB,DT,NN,IN
WDT,NN,DT,NN,TO
",",CC,DT,JJ,NN
CD,IN,DT,RBS,JJ
IN,VBG,DT,NN,IN
NNS,IN,DT,NN,.
NNS,IN,DT,NN,PRP
PRP,VBZ,DT,NN,JJ
IN,NN,DT,NN,IN
NN,",",DT,NN,NN
NN,IN,DT,NN,IN
JJR,IN,DT,NNS,WP
CD,IN,DT,JJ,NN
VBZ,NN,DT,NN,IN
NNP,",",DT,NNP,NNP
VBN,IN,DT,DT,NN
IN,DT,DT,NN,IN
NN,IN,DT,VBG,NNS
NNS,",",DT,NN,IN
RB,IN,DT,NN,IN
TO,VB,DT,NN,IN
CC,VBG,DT,NNS,.
NNS,IN,DT,NNS,TO
PRP,IN,DT,JJ,NNS
TO,VB,DT,NN,IN
NNS,IN,DT,NN,NN
TO,VB,DT,NNS,.
NN,",",DT,NNS,VBP
TO,VB,DT,NN,IN
IN,VBZ,DT,JJS,NN
TO,VB,DT,NN,NN
RB,",",DT,NN,IN
NN,IN,DT,CD,NNS
CD,IN,DT,RBS,JJ
RB,",",DT,NN,IN
TO,VB,DT,NN,NN
NN,IN,DT,NN,NN
NN,IN,DT,NNS,WDT
VBN,IN,DT,NN,IN
MD,VB,DT,NN,IN
MD,VB,DT,JJ,VBG
IN,WRB,DT,NN,NN
MD,VB,DT,JJ,VBG
MD,NNS,DT,NN,IN
IN,NN,DT,NNS,","
NN,IN,DT,NN,VBP
NN,VBP,DT,JJ,NN
NNS,IN,DT,NNS,IN
VBN,IN,DT,NN,NN
MD,VB,DT,NN,NN
NNP,VBZ,DT,JJ,NN
NN,IN,DT,NN,","
MD,VBZ,DT,NN,IN
CC,VBG,DT,NN,.
RB,VBZ,DT,NN,NNS
TO,VB,DT,NN,NNS
CD,IN,DT,NNS,WDT
NN,IN,DT,NN,IN
NN,VBZ,DT,NN,NNS
VBN,IN,DT,NN,NN
MD,VB,DT,NN,IN
NN,IN,DT,NN,IN
PRP,VBZ,DT,NN,IN
NN,IN,DT,NN,","
MD,VB,DT,JJ,NN
NN,CC,DT,NN,IN
DT,TO,DT,NNS,IN
VBG,IN,DT,NN,NN
VBG,IN,DT,NNP,NNP
IN,IN,DT,DT,NN
NNS,IN,DT,JJ,NN
JJ,DT,DT,NN,.
RB,VBP,DT,NN,IN
PRP,RB,DT,NN,NN
RB,NNS,DT,NN,IN
MD,VB,DT,NN,IN
MD,VB,DT,NN,POS
IN,NN,DT,NN,POS
TO,VB,DT,NN,POS
TO,VBG,DT,NNS,NN
MD,VB,DT,NN,POS
MD,VB,DT,NN,IN
IN,NN,DT,NN,NN
NN,",",DT,NN,MD
MD,VB,DT,NN,NNS
IN,NN,DT,NN,NN
TO,VB,DT,JJ,NNS
NNS,IN,DT,NN,IN
TO,VB,DT,NN,RB
PRP,VBP,DT,NN,TO
NN,TO,DT,NN,NN
NNS,VBP,DT,NN,","
MD,VB,DT,JJ,CC
JJ,CC,DT,NNS,IN
IN,VBG,DT,NN,IN
NN,IN,DT,JJ,","
NNS,",",DT,NN,IN
RB,CC,DT,NN,WDT
NNS,CC,DT,NNS,","
",",IN,DT,JJ,NN
TO,VB,DT,NN,NN
VBP,IN,DT,NNS,CC
TO,NN,DT,NN,.
MD,VB,DT,JJ,NN
NN,IN,DT,NN,IN
NNS,TO,DT,NN,CC
NNS,IN,DT,NN,.
MD,VB,DT,NNS,.
MD,VB,DT,NN,IN
VBG,TO,DT,NN,CC
NN,CC,DT,NN,NN
NN,WDT,DT,NN,VBP
NN,VBP,DT,NN,TO
NNP,IN,DT,NN,IN
NN,IN,DT,NN,IN
MD,VB,DT,JJ,JJ
VBP,RB,DT,JJ,NN
NN,WDT,DT,NN,NN
NN,IN,DT,JJ,NN
NN,NN,DT,NN,IN
NN,",",DT,NN,IN
NN,IN,DT,NN,MD
VB,IN,DT,NN,CC
VB,VB,DT,NN,IN
IN,VBG,DT,NNS,VBP
WDT,VBZ,DT,JJ,NN
WDT,NNS,DT,NN,JJ
NNS,",",DT,JJS,NN
RB,RB,DT,NNS,VBP
NNS,VBP,DT,NN,TO
RB,",",DT,NN,MD
IN,IN,DT,NN,DT
DT,NN,DT,PRP,VBP
VBG,IN,DT,JJ,NN
RB,VBG,DT,NNS,.
TO,VB,DT,NNS,CC
RB,IN,DT,NN,IN
MD,VB,DT,NNS,IN
NNS,VBP,DT,JJS,NN
TO,VB,DT,NN,TO
NN,TO,DT,NN,NN
NN,IN,DT,NNS,CC
NN,",",DT,NN,NN
NN,VBZ,DT,JJS,NN
IN,DT,DT,NN,NNS
JJ,IN,DT,JJ,NN
NNS,VBP,DT,NN,IN
RB,WRB,DT,NN,MD
NN,IN,DT,NNS,IN
IN,TO,DT,NN,IN
NN,VBD,DT,JJ,","
NN,IN,DT,NN,NN
JJ,NN,DT,NN,MD
NNS,IN,DT,NN,NN
TO,VB,DT,JJ,NN
NN,IN,DT,NN,.
NN,IN,DT,JJ,.
CD,IN,DT,RBS,JJ
NNS,VBZ,DT,NNP,","
PRP,VBZ,DT,NNP,NNP
PRP$,NN,DT,NNS,IN
VBN,IN,DT,NNS,IN
NN,",",DT,NN,IN
",",CC,DT,JJ,NNS
CC,DT,DT,NNS,WDT
VBZ,IN,DT,NN,NNP
CC,NN,DT,JJ,NNS
NNS,IN,DT,NNP,RB
RB,IN,DT,NNS,IN
TO,VB,DT,NNS,IN
NNP,VBZ,DT,VBG,IN
CC,VB,DT,NN,CC
NN,CC,DT,NN,.
JJ,IN,DT,JJ,NN
NN,IN,DT,NN,","
PRP,VBP,DT,JJ,NNS
TO,VB,DT,NNS,IN
NNS,IN,DT,NNP,NNP
NN,IN,DT,NN,IN
NN,IN,DT,JJ,NN
NNP,VBZ,DT,NN,WDT
VBN,IN,DT,NN,IN
NN,IN,DT,NN,NN
IN,IN,DT,NN,CC
",",DT,DT,NNS,CC
NNS,CC,DT,NNS,MD
VB,PDT,DT,NNS,TO
RB,",",DT,NNP,NNP
NNS,IN,DT,NN,CC
",",RB,DT,VBG,IN
MD,VB,DT,NNP,VBZ
RB,IN,DT,NNS,VBP
PRP,VBP,DT,JJS,NNS
NNS,TO,DT,NN,IN
CC,VBP,DT,VBG,NN
WP,VBP,DT,NN,TO
TO,VB,DT,NNP,IN
NNP,IN,DT,NN,IN
NN,CC,DT,NN,IN
NN,IN,DT,NNS,CC
RB,VBD,DT,NNS,.
JJ,NN,DT,NN,VBZ
NN,VBD,DT,NN,IN
NN,IN,DT,NN,","
NN,CC,DT,JJ,JJ
NN,IN,DT,NNP,NN
PRP,TO,DT,NNS,CC
CC,TO,DT,NN,NN
NN,VBZ,DT,NN,VBZ
",",IN,DT,NN,NNP
CD,IN,DT,JJ,NNS
",",CC,DT,NN,VBZ
NNP,",",DT,JJ,NN
MD,VB,DT,NN,TO
VBG,WRB,DT,NN,NN
NN,IN,DT,NN,MD
RB,IN,DT,NN,MD
WDT,VBZ,DT,NN,NN
",",IN,DT,NN,NNP
JJ,IN,DT,NN,IN
VBN,IN,DT,NN,VBZ
CC,NN,DT,JJ,NN
JJ,",",DT,JJ,NN
PRP,VBZ,DT,NN,NN
CC,IN,DT,NN,VBD
NN,IN,DT,JJ,NN
NN,CC,DT,JJ,NN
NN,IN,DT,NN,NN
NN,VBP,DT,NN,TO
CD,IN,DT,NNS,WDT
WDT,VBZ,DT,NN,IN
IN,NN,DT,JJ,NN
",",IN,DT,NN,NNP
RB,VBP,DT,JJ,NNS
",",IN,DT,NN,IN
VBZ,IN,DT,NN,TO
TO,NN,DT,NN,","
MD,VB,DT,NN,NN
RB,IN,DT,NN,","
NNS,IN,DT,NNS,.
",",IN,DT,NN,NNP
VBG,IN,DT,NN,VBZ
TO,VB,DT,NN,NN
CD,IN,DT,NN,NN
NNP,",",DT,VBN,NN
",",RB,DT,JJ,NNS
CD,IN,DT,JJ,NNS
MD,VB,DT,NN,NN
NN,",",DT,NN,VBZ
NN,IN,DT,NN,.
DT,IN,DT,NNS,WP
VBN,IN,DT,NN,IN
VBZ,WRB,DT,NN,NN
RB,IN,DT,NN,MD
VBZ,IN,DT,NN,MD
NNP,",",DT,NN,MD
NNS,IN,DT,NN,","
CC,IN,DT,NN,","
PRP,VBD,DT,JJ,NNS
VBG,IN,DT,NN,NNS
NNS,VBP,DT,DT,NNS
MD,VB,DT,NN,TO
JJ,TO,DT,NN,NN
NN,IN,DT,NN,RB
NNS,VBP,DT,JJ,NN
PRP,IN,DT,NN,","
CC,VB,DT,JJ,NN
JJ,TO,DT,NN,.
IN,IN,DT,NN,IN
VBG,IN,DT,NN,","
VBG,IN,DT,NN,CC
NN,IN,DT,NN,.
CC,VBD,DT,NN,IN
CD,IN,DT,NNS,VBZ
NNS,VBZ,DT,NN,NN
VBZ,IN,DT,NN,VBZ
VBP,IN,DT,NN,NN
NN,WRB,DT,NNS,VBP
PRP,VBP,DT,CD,NNS
VBP,IN,DT,NN,","
RB,IN,DT,NN,IN
NNS,IN,DT,NN,.
NN,IN,DT,NNS,","
IN,IN,DT,NN,CC
VBP,IN,DT,NN,IN
VBG,IN,DT,NN,CC
NNS,IN,DT,NN,.
CC,VB,DT,NN,.
TO,VB,DT,NN,CC
VB,IN,DT,NN,NN
NN,",",DT,NN,MD
CC,VB,DT,NN,IN
NN,IN,DT,NN,IN
NN,IN,DT,NN,CC
NN,CC,DT,NN,IN
RP,IN,DT,NN,RB
NN,",",DT,NN,VBZ
CD,IN,DT,NNS,VBZ
VBZ,IN,DT,NN,IN
NNS,IN,DT,JJ,VBD
VBD,IN,DT,NN,NNS
NN,VBZ,DT,NNS,IN
WP,VBZ,DT,NN,NNS
WP,VBZ,DT,NN,WDT
VB,IN,DT,NN,PRP
CD,IN,DT,NNS,WDT
WP,VBZ,DT,NN,WDT
'',",",DT,NN,NNS
IN,DT,DT,JJ,NNS
NN,IN,DT,NN,IN
NN,IN,DT,NN,WP
WP,NN,DT,JJ,NNS
NN,IN,DT,NNS,.
'',",",DT,NN,VBZ
MD,VB,DT,NN,TO
NN,CC,DT,NN,IN
NN,CC,DT,NNS,WP
JJ,IN,DT,NNS,WP
VBP,IN,DT,NN,.
CD,IN,DT,JJS,NNS
DT,NN,DT,NN,NN
JJ,VBZ,DT,VBG,NN
JJ,IN,DT,NNS,IN
JJ,IN,DT,NNS,.
JJS,IN,DT,NN,NN
NN,NN,DT,NN,NN
NN,IN,DT,NN,IN
IN,IN,DT,NN,NN
NN,",",DT,NN,MD
NNS,CC,DT,NNP,IN
NNP,IN,DT,NN,NN
NN,IN,DT,NN,NN
NN,IN,DT,NN,MD
VB,IN,DT,NN,IN
NN,IN,DT,NN,","
VB,IN,DT,NN,.
VBG,DT,DT,NN,MD
MD,VB,DT,NN,POS
VBG,DT,DT,NN,:
VB,IN,DT,NN,NN
NN,IN,DT,NN,CC
VBG,IN,DT,NN,DT
NN,DT,DT,NN,.
NNS,IN,DT,NNS,WDT
VBD,IN,DT,NN,.
VBN,IN,DT,NN,VBZ
JJ,IN,DT,NNS,VBP
IN,IN,DT,NN,IN
NN,IN,DT,NN,NNP
NNP,IN,DT,JJ,NNS
NN,IN,DT,NN,","
JJ,TO,DT,VBN,RP
NNP,",",DT,JJ,NN
NN,VBZ,DT,NN,RB
IN,JJ,DT,NNS,TO
TO,VB,DT,JJ,NN
NN,",",DT,NNS,MD
CD,IN,DT,JJ,NN
MD,VB,DT,NN,IN
NN,IN,DT,NN,.
RB,VB,DT,NNS,TO
VB,IN,DT,VBG,NNS
NN,VBZ,DT,NN,IN
IN,JJ,DT,NN,TO
TO,VB,DT,NNS,.
JJ,:,DT,NN,IN
NN,IN,DT,NN,CC
NN,CC,DT,NN,WP
VBD,IN,DT,NN,IN
CC,IN,DT,JJ,NN
JJ,NN,DT,RBR,NNS
NN,WDT,DT,NN,WP
RP,IN,DT,NN,CC
VBG,IN,DT,NN,IN
VBN,IN,DT,NN,.
VBP,IN,DT,NN,POS
PRP,VBZ,DT,JJ,NN
NN,VBZ,DT,RBS,JJ
NN,TO,DT,NN,PRP$
VB,IN,DT,NN,NN
RP,IN,DT,JJR,NNS
NN,DT,DT,NN,VBZ
NN,IN,DT,NN,","
",",DT,DT,NN,IN
JJ,IN,DT,NNS,","
",",RB,DT,JJ,IN
MD,VB,DT,NN,POS
MD,VB,DT,NN,IN
NN,IN,DT,NNS,.
NNS,CC,DT,NN,NNS
RB,",",DT,NN,MD
DT,",",DT,NN,IN
TO,VB,DT,JJ,NN
NN,TO,DT,NNS,.
MD,VB,DT,NN,TO
JJ,IN,DT,NN,IN
NN,IN,DT,NN,IN
CD,IN,DT,RBS,JJ
TO,VB,DT,JJS,NN
NN,CC,DT,JJS,NN
CC,VBG,DT,JJS,NN
PRP,VBZ,DT,NN,IN
NN,IN,DT,NNS,IN
NNS,IN,DT,VBG,NN
VBP,JJ,DT,NNS,CC
IN,IN,DT,JJ,NN
",",CC,DT,RBS,JJ
NNS,:,DT,RBS,NN
NN,IN,DT,JJR,NN
JJR,IN,DT,NN,IN
NN,IN,DT,JJ,NNS
JJ,TO,DT,NN,IN
NN,IN,DT,NN,IN
JJ,TO,DT,NN,IN
NNS,",",DT,NN,IN
",",CC,DT,NN,IN
IN,VBG,DT,NN,NN
JJS,IN,DT,NN,IN
",",IN,DT,JJ,NN
TO,VB,DT,NN,.
VBG,NN,DT,NNS,CC
NNS,MD,DT,NNS,VBP
VB,VBG,DT,NN,.
NN,IN,DT,JJS,NN
NN,IN,DT,NNS,WRB
VBG,IN,DT,JJ,NN
VBG,IN,DT,NN,.
NNS,IN,DT,JJ,.
WRB,JJ,DT,NN,VBZ
CC,RB,DT,NNS,WDT
NNP,NN,DT,NN,IN
VB,IN,DT,NN,NNS
VB,IN,DT,NN,CC
",",VBG,DT,JJS,NN
VBG,IN,DT,JJ,NN
NN,IN,DT,NN,IN
NN,IN,DT,NN,","
NN,IN,DT,NN,CC
RB,VB,DT,NN,IN
VBG,IN,DT,JJ,NN
PRP,TO,DT,JJ,NN
NNS,IN,DT,NN,IN
NN,TO,DT,NN,NN
PRP,VBP,DT,NN,IN
RB,VB,DT,NN,IN
NN,VBG,DT,NNS,IN
RB,VBP,DT,NN,IN
VBG,IN,DT,NN,NN
VBG,IN,DT,NNS,IN
NN,:,DT,NN,","
NN,",",DT,NNS,IN
NNS,IN,DT,NN,CC
NN,CC,DT,NN,IN
NNP,VBZ,DT,RBS,JJ
JJ,IN,DT,NN,IN
MD,VB,DT,NN,NN
MD,VB,DT,NN,NN
NN,VBZ,DT,JJS,NN
NNS,IN,DT,NN,.
RB,IN,DT,NN,WDT
TO,NNS,DT,NN,IN
JJ,IN,DT,JJR,NNS
NN,VBZ,DT,NN,IN
NN,IN,DT,NNS,VBZ
JJ,IN,DT,NN,IN
NN,IN,DT,NNS,IN
NNS,IN,DT,NN,","
NN,VBZ,DT,NN,NN
VB,IN,DT,NN,WDT
WDT,VBN,DT,NN,IN
",",RB,DT,NN,IN
NN,IN,DT,NN,CC
NN,CC,DT,NN,VBD
",",VBZ,DT,NN,IN
NN,IN,DT,NN,.
IN,DT,DT,NN,IN
NN,IN,DT,NN,IN
NN,IN,DT,NN,VBZ
NN,VBZ,DT,RBS,NN
VBG,DT,DT,NN,IN
NN,IN,DT,NN,VBZ
VB,IN,DT,JJ,NN
NN,IN,DT,NN,IN
NN,IN,DT,NN,DT
NN,DT,DT,NN,WDT
PRP,VBP,DT,NNP,NN
NN,NN,DT,NN,IN
VBG,VBZ,DT,JJ,NN
NN,VBZ,DT,RBS,JJ
NNS,IN,DT,JJR,NN
NN,IN,DT,NN,CC
VBG,IN,DT,NN,NN
CD,IN,DT,RBS,JJ
NNS,IN,DT,NNS,VBZ
VBZ,WP,DT,NNS,VBG
JJ,NNS,DT,NN,.
JJ,IN,DT,NNS,TO
NN,IN,DT,NNS,IN
TO,VB,DT,NN,IN
IN,NN,DT,NN,VBZ
NN,IN,DT,NN,CC
NN,IN,DT,NN,VBZ
VBG,NNS,DT,NN,NN
NN,IN,DT,NN,IN
VBG,NNS,DT,NN,NN
WDT,NNS,DT,NN,JJR
NNS,IN,DT,NNS,VBZ
IN,IN,DT,NN,IN
JJ,IN,DT,NN,IN
NN,IN,DT,NN,TO
NN,TO,DT,NN,.
NN,IN,DT,NN,IN
NN,IN,DT,NN,.
TO,NN,DT,NNS,NNS
NNS,IN,DT,NN,IN
TO,VB,DT,NN,NNS
NNS,IN,DT,NN,:
TO,VB,DT,NN,JJR
IN,IN,DT,NN,DT
VBD,IN,DT,NNS,NNS
NNS,WDT,DT,NNS,VBP
NN,IN,DT,NN,","
MD,VB,DT,NN,NN
NN,VBZ,DT,NNS,VBP
NNS,IN,DT,NN,IN
NN,IN,DT,JJR,NN
VBG,IN,DT,NN,IN
TO,VB,DT,JJ,NN
NNS,CC,DT,NN,IN
NN,",",DT,JJ,NN
NNS,IN,DT,JJ,JJ
VBN,IN,DT,NN,IN
MD,VB,DT,NNS,CC
NNS,CC,DT,NNS,IN
DT,NN,DT,NN,NN
VBP,IN,DT,JJS,NN
NN,CC,DT,JJS,NN
RB,IN,DT,NN,TO
NNS,IN,DT,NN,CC
TO,VB,DT,JJ,NN
CD,IN,DT,RBS,JJ
WDT,VBZ,DT,NN,TO
NNS,IN,DT,NN,NN
NN,NN,DT,NN,TO
TO,VB,DT,NN,IN
VBZ,IN,DT,NN,MD
MD,VB,DT,NN,CC
VBN,IN,DT,NN,IN
NN,IN,DT,NN,.
VBZ,IN,DT,NN,","
",",VBZ,DT,NN,TO
VBN,IN,DT,NN,IN
NN,",",DT,NN,IN
TO,VB,DT,NN,NN
JJS,IN,DT,NN,.
VBP,IN,DT,JJS,NNS
JJ,NN,DT,NN,MD
VBG,IN,DT,NN,","
",",CC,DT,NNS,IN
VB,IN,DT,NN,CC
CC,RB,DT,NN,VBZ
JJ,IN,DT,JJ,NN
JJ,CC,DT,NN,NN
NN,IN,DT,NN,NN
JJ,IN,DT,NN,CC
VBN,IN,DT,NN,.
NNS,IN,DT,NN,IN
NN,IN,DT,JJS,NN
RB,",",DT,NN,VBZ
VBN,IN,DT,NN,DT
DT,NN,DT,NN,IN
RB,",",DT,NN,IN
VBG,TO,DT,JJ,NN
NN,",",DT,NN,RB
WP,VBZ,DT,JJS,NN
DT,IN,DT,NNS,VBP
VBN,CC,DT,NN,WP
RB,VB,DT,NN,IN
VBG,TO,DT,NNP,``
",",VBZ,DT,JJ,NN
VBD,IN,DT,NN,IN
IN,IN,DT,NN,IN
NNS,VBG,DT,NN,CC
NN,WRB,DT,NN,NN
WP,VBZ,DT,NN,NN
WDT,VBP,DT,JJ,NNS
NN,VBZ,DT,NN,VBZ
VBD,IN,DT,JJ,NN
JJ,IN,DT,JJR,NNS
MD,VB,DT,NN,VBP
VBG,IN,DT,JJ,NN
RBR,IN,DT,NNS,WDT
MD,VB,DT,NNP,NNP
VBG,IN,DT,JJ,NNS
NNS,IN,DT,NN,.
IN,NNS,DT,NNS,MD
NNS,VBP,DT,NNP,NNP
VBZ,NN,DT,NN,VBP
IN,NN,DT,NN,CC
NN,IN,DT,NN,VBZ
",",VBG,DT,NNS,WDT
TO,VB,DT,JJ,NN
VBP,IN,DT,NN,IN
NNS,RB,DT,NNS,.
",",NNP,DT,RB,JJ
JJ,IN,DT,JJR,NNS
RB,",",DT,JJS,NN
NN,IN,DT,NN,","
NN,NN,DT,NN,NN
NNP,",",DT,NN,IN
JJ,IN,DT,NNS,","
IN,IN,DT,NN,JJ
RB,",",DT,NN,IN
VB,IN,DT,NN,WDT
NN,WDT,DT,NN,NN
",",IN,DT,NN,IN
NNP,",",DT,NN,IN
NN,IN,DT,NN,WDT
",",CC,DT,NNS,CC
NNS,CC,DT,NN,VBD
NN,",",DT,NN,IN
NN,IN,DT,NN,NN
IN,VBG,DT,NN,IN
MD,VB,DT,NN,POS
NNS,IN,DT,NN,","
VBZ,WRB,DT,NN,VBZ
VBZ,",",DT,JJ,NN
NN,IN,DT,NNS,WDT
PRP,CC,DT,NNS,IN
NNS,IN,DT,JJ,JJ
IN,IN,DT,NN,","
MD,VB,DT,NN,IN
VB,IN,DT,NN,WDT
IN,IN,DT,NN,NN
CC,RB,DT,NNS,WDT
NNS,",",DT,NNS,RB
RB,VB,DT,NN,","
RB,VB,DT,NNS,IN
VBP,IN,DT,NNS,TO
CC,VB,DT,NN,.
CC,RB,DT,NN,NNS
VB,IN,DT,NNS,IN
RB,VB,DT,JJ,NNS
JJR,IN,DT,NN,IN
TO,VB,DT,JJ,NN
VBP,IN,DT,NN,.
",",CC,DT,NN,VBZ
RB,IN,DT,NN,:
NN,:,DT,NN,VBZ
NN,VBD,DT,JJ,NN
VBD,TO,DT,NN,","
",",CC,DT,NN,NN
NN,PRP,DT,JJS,NN
VB,IN,DT,NN,.
VB,IN,DT,NN,TO
IN,IN,DT,NNS,IN
NN,IN,DT,NN,","
VBZ,IN,DT,NN,IN
IN,IN,DT,JJ,NN
NN,IN,DT,NN,.
NN,IN,DT,JJR,NNS
PRP,VBZ,DT,NN,NN
NNS,VBP,DT,NN,NN
JJ,PRP,DT,NN,TO
RB,",",DT,NN,IN
",",IN,DT,NN,POS
MD,VB,DT,NN,NN
VB,IN,DT,NN,NN
RB,VB,DT,NN,NN
NN,",",DT,NN,IN
NN,IN,DT,NNS,MD
VBG,IN,DT,NN,RB
VBN,IN,DT,JJ,NN
JJ,",",DT,NN,VBD
VBD,RB,DT,NN,IN
RB,",",DT,NN,VBZ
NN,VBZ,DT,NN,IN
VBD,CC,DT,JJ,NN
NN,IN,DT,NN,NN
RB,IN,DT,NN,MD
VBG,IN,DT,DT,NNS
IN,DT,DT,NNS,TO
TO,VB,DT,NN,NN
NN,IN,DT,JJ,NNS
WDT,VBD,DT,JJ,NNS
NN,",",DT,JJ,NNS
NNS,IN,DT,NN,VBZ
RB,IN,DT,NN,VBZ
NN,IN,DT,NN,RB
NN,CC,DT,JJR,NNS
MD,VB,DT,NNS,IN
VB,RP,DT,NN,CC
NN,IN,DT,NN,IN
TO,VB,DT,NN,:
NN,TO,DT,NN,NN
CC,VBP,DT,NNS,IN
VB,IN,DT,JJ,NNS
",",IN,DT,NN,","
TO,NN,DT,NNS,.
RB,IN,DT,NN,VBZ
WP,VBZ,DT,NN,IN
NNP,IN,DT,NN,IN
PRP,VBP,DT,JJ,NN
RB,IN,DT,JJS,CC
VBZ,IN,DT,NN,PRP
DT,NN,DT,NN,IN
VBZ,IN,DT,NN,VBG
NNS,RB,DT,NNS,PRP
",",CC,DT,NN,IN
VBP,RB,DT,DT,NNS
RB,DT,DT,NNS,PRP
NN,IN,DT,NN,IN
PRP$,NN,DT,JJ,NN
JJ,TO,DT,NNS,NN
IN,IN,DT,JJ,NN
VBP,IN,DT,NN,VBG
VBG,IN,DT,JJ,NNS
JJR,IN,DT,JJ,NNS
CC,IN,DT,NN,","
VBP,RB,DT,NN,IN
TO,VB,DT,NN,.
TO,VB,DT,NNS,IN
NNS,IN,DT,JJ,NN
TO,VB,DT,NNS,IN
NNS,IN,DT,NNS,.
NNS,VBP,DT,NN,IN
NN,IN,DT,NN,POS
VBG,NN,DT,NN,IN
NNS,VBN,DT,JJ,NN
",",CC,DT,VBN,NNS
",",IN,DT,JJ,NN
PRP,",",DT,NN,VBG
RB,VBZ,DT,NN,RB
JJ,IN,DT,NN,IN
NN,IN,DT,JJ,NNS
NN,WRB,DT,NN,NN
VBP,VBG,DT,NN,CC
NNS,IN,DT,NNS,CC
RB,",",DT,RBS,JJ
VBP,VBN,DT,JJ,NNS
CC,VB,DT,NN,NN
JJ,",",DT,NN,PRP
MD,VB,DT,NN,IN
NN,IN,DT,NN,.
CC,VBD,DT,NNS,.
VBG,IN,DT,NNS,VBP
NN,IN,DT,NNS,.
VBG,IN,DT,NN,NN
RB,RB,DT,NN,NN
TO,VB,DT,NN,IN
NN,IN,DT,NNS,CC
NNS,CC,DT,NN,IN
NN,IN,DT,JJ,VBP
NN,IN,DT,CD,NNS
JJS,IN,DT,NN,.
CD,IN,DT,JJ,NNS
NNS,IN,DT,NN,NNS
NNS,VBP,DT,NN,IN
NN,IN,DT,NN,POS
NN,TO,DT,NN,IN
NN,IN,DT,NN,IN
NNS,CC,DT,NN,IN
VB,IN,DT,NNS,CC
VBZ,IN,DT,JJ,VBG
VBG,IN,DT,NNS,IN
NN,VBD,DT,NN,IN
NN,IN,DT,NN,JJR
JJR,IN,DT,JJ,.
VBG,TO,DT,NNP,VBZ
NN,NNP,DT,NNP,NNP
JJS,IN,DT,NN,NNS
",",RB,DT,JJ,NNS
VBZ,VBG,DT,NN,IN
IN,NNS,DT,NNS,IN
NN,IN,DT,NNS,IN
NNS,IN,DT,NN,NN
NNS,IN,DT,JJ,NN
NN,IN,DT,NNS,IN
JJ,IN,DT,NNS,PRP
PRP,VBP,DT,NN,IN
NN,IN,DT,NNS,VBP
NNP,IN,DT,JJ,NNS
CC,VB,DT,NN,IN
NNS,IN,DT,JJ,IN
VBG,IN,DT,NN,IN
NN,IN,DT,NN,VBP
RBR,IN,DT,JJ,IN
NNS,",",DT,VBG,NNS
MD,VB,DT,NN,DT
DT,NN,DT,NN,IN
NN,IN,DT,NN,NNS
TO,VB,DT,NN,IN
",",VBG,DT,NN,IN
NN,IN,DT,JJ,NN
NNS,IN,DT,NN,","
MD,VB,DT,JJ,NN
VBG,NN,DT,NN,IN
NNS,",",DT,NN,IN
NNS,NN,DT,NN,IN
VBG,NNS,DT,NN,","
",",NNS,DT,NN,NN
CC,NNS,DT,JJ,NN
CD,IN,DT,NNS,IN
TO,VB,DT,NN,IN
VBG,TO,DT,NNP,NNP
NNS,VBP,DT,NN,NNS
TO,VB,DT,NN,.
VBP,IN,DT,NN,NN
VBP,IN,DT,JJ,NN
PRP,VBZ,DT,NN,.
IN,VBG,DT,NN,NN
TO,VB,DT,NNS,.
",",VBG,DT,NN,IN
NN,IN,DT,JJ,NN
VB,IN,DT,NN,VBZ
JJR,IN,DT,JJ,NNS
NNS,VBP,DT,JJ,NN
TO,VB,DT,JJ,NN
TO,VB,DT,NN,VBD
TO,VB,DT,NN,CC
RB,VBZ,DT,JJ,NN
NNS,IN,DT,NN,.
NNS,IN,DT,NN,.
VBD,NN,DT,JJ,NNS
IN,IN,DT,JJ,NNS
IN,NN,DT,NN,NN
VB,IN,DT,NNS,IN
PRP,RB,DT,NNS,IN
NNS,IN,DT,NN,.
VBG,NNS,DT,NN,","
",",NNS,DT,NN,NN
CC,NNS,DT,JJ,NN
NN,IN,DT,JJ,NN
NN,IN,DT,NN,VBP
NNS,IN,DT,JJ,NN
NN,IN,DT,NN,.
VBP,IN,DT,NN,IN
NNS,VBD,DT,NN,IN
VBD,",",DT,NN,IN
VB,VBG,DT,JJ,NNS
IN,VBG,DT,NN,IN
VBD,TO,DT,NN,IN
VBP,VBG,DT,JJR,NN
JJ,TO,DT,NNS,IN
NN,VBZ,DT,JJ,NN
RB,VBP,DT,NN,IN
IN,VBG,DT,NNS,IN
NNS,VBG,DT,NN,CC
WRB,JJ,DT,NN,NNS
NN,NNS,DT,NNS,.
NN,IN,DT,NN,IN
NN,IN,DT,NN,CC
CC,IN,DT,NN,IN
NN,IN,DT,NN,.
NN,VBZ,DT,JJS,NN
NN,CC,DT,JJ,NN
NN,VBZ,DT,JJS,NN
NNS,IN,DT,NN,NN
NN,IN,DT,JJ,NNS
IN,WRB,DT,JJ,NN
JJ,CC,DT,NN,.
CC,VB,DT,NN,JJR
WDT,VBZ,DT,NN,IN
VBN,TO,DT,JJ,NN
NN,IN,DT,JJ,NNP
WDT,VBN,DT,NN,.
VBN,IN,DT,NN,.
NNP,NNP,DT,NNP,NNP
NNS,IN,DT,JJ,NN
NNS,IN,DT,JJ,NNS
VBP,IN,DT,NN,.
VBP,NNS,DT,JJR,NN
RB,IN,DT,NN,CC
VB,IN,DT,NNS,IN
NNS,VBP,DT,NN,IN
VB,IN,DT,JJ,NNS
RB,",",DT,NNS,IN
NN,IN,DT,NN,VBG
'',IN,DT,NN,NN
NNS,IN,DT,NN,VBP
NN,NN,DT,NN,VBP
TO,VB,DT,NNS,IN
NNS,IN,DT,JJ,JJ
NN,NN,DT,NN,VBG
VBG,IN,DT,NN,RB
RB,IN,DT,JJ,NN
RB,IN,DT,NN,.
RB,RB,DT,JJ,NNS
MD,VB,DT,NN,CC
CC,RB,DT,JJ,IN
RB,",",DT,RBS,JJ
NNS,VBP,DT,NN,VBG
NN,VBG,DT,NN,CC
TO,VB,DT,JJ,NN
VB,IN,DT,NN,VBG
CC,VB,DT,NN,VBP
RB,IN,DT,JJ,NN
NN,TO,DT,NNS,.
WDT,NN,DT,NN,IN
NNS,VBP,DT,JJ,NN
TO,VB,DT,JJ,NN
DT,JJ,DT,NN,VBZ
NN,VBZ,DT,NNS,IN
NN,IN,DT,JJ,NNS
VBD,IN,DT,JJS,NN
NNS,IN,DT,NN,VBZ
PRP,IN,DT,JJ,.
NN,NN,DT,JJS,TO
NN,TO,DT,NNP,TO
VBG,NN,DT,JJS,TO
PRP,IN,DT,NNS,.
CC,NN,DT,JJ,NNS
PRP,VBD,DT,NN,IN
RB,IN,DT,JJ,NNS
VBP,IN,DT,NN,IN
NN,IN,DT,NN,NN
VBN,WP,DT,NN,VBP
VBP,",",DT,JJ,NNS
VB,TO,DT,NN,NN
VBZ,VBN,DT,RBR,JJ
JJ,IN,DT,NN,IN
RB,IN,DT,NN,IN
VBG,VBZ,DT,JJS,NN
JJ,",",DT,JJ,NNS
PRP,VBZ,DT,NN,IN
NN,NN,DT,NN,NN
NN,VB,DT,NNS,JJ
NN,IN,DT,NNS,.
NN,",",DT,NNS,IN
MD,VB,DT,JJ,NN
RB,",",DT,NNS,MD
VBP,CC,DT,JJ,NN
NN,IN,DT,NN,WDT
NNS,IN,DT,NN,IN
NN,IN,DT,NN,IN
TO,VB,DT,NN,IN
NNP,IN,DT,NN,IN
NN,IN,DT,JJ,NN
NNP,IN,DT,NN,NN
NN,IN,DT,NN,.
IN,",",DT,NNS,IN
NNS,IN,DT,NN,NN
NN,IN,DT,NN,IN
CC,VB,DT,NN,IN
NN,IN,DT,NN,CD
",",VBG,DT,NN,IN
NNS,IN,DT,JJ,NNS
NNS,IN,DT,NN,:
NNS,VBZ,DT,JJ,NN
TO,VB,DT,JJ,JJ
",",IN,DT,NN,IN
WDT,VB,DT,NN,IN
TO,VB,DT,NN,IN
IN,NN,DT,NN,IN
IN,VBG,DT,NNS,IN
CC,JJ,DT,NN,IN
TO,VB,DT,NNS,POS
CC,VB,DT,NN,IN
PRP,VBP,DT,JJ,CC
NN,TO,DT,NN,IN
NNS,IN,DT,NN,:
TO,VB,DT,NN,IN
JJ,NN,DT,NN,IN
IN,VBG,DT,NN,IN
NN,IN,DT,NN,.
TO,VB,DT,NN,IN
NNS,IN,DT,NN,.
PRP,VBP,DT,JJ,NN
VBG,IN,DT,NN,VBG
RB,VB,DT,NNS,TO
NN,IN,DT,NNS,IN
RB,IN,DT,NN,CC
NN,CC,DT,JJ,NNS
NNS,WDT,DT,NNS,VBP
CC,NN,DT,NN,IN
PRP,VBZ,DT,NN,NN
CC,VBZ,DT,NN,.
IN,VBG,DT,NN,IN
VBG,IN,DT,NN,VBG
MD,VB,DT,JJ,NN
TO,VB,DT,NNS,CC
CC,NNS,DT,JJ,.
NNS,IN,DT,JJ,NN
NNS,TO,DT,NNS,RB
NNS,RB,DT,NNS,MD
TO,VB,DT,NN,NN
IN,VBG,DT,JJ,NN
VB,IN,DT,JJ,NN
NN,IN,DT,JJ,NNS
RB,IN,DT,NNS,VBP
DT,NN,DT,NNS,MD
JJ,IN,DT,NNS,NN
NN,CC,DT,NNS,MD
NN,NNS,DT,NN,CC
JJ,IN,DT,JJ,NN
RB,IN,DT,NN,CC
NN,TO,DT,NN,RB
NN,RB,DT,NNS,MD
NN,IN,DT,JJ,NN
NN,WDT,DT,NNS,VBN
",",IN,DT,JJ,DT
JJ,DT,DT,NNS,VBD
NN,IN,DT,NNS,IN
CC,VBZ,DT,NN,NN
",",IN,DT,NNS,NN
TO,VB,DT,NNS,TO
IN,DT,DT,NNS,CC
NNS,CC,DT,NN,.
NN,IN,DT,NN,NN
NNS,IN,DT,JJ,NNS
VBD,IN,DT,NN,MD
MD,VB,DT,NN,TO
CC,NN,DT,NN,.
NN,VB,DT,JJ,CD
NN,CC,DT,NNS,MD
IN,VBG,DT,NNS,CC
NNS,CC,DT,NNS,IN
NN,",",DT,NN,MD
WDT,NN,DT,NN,CC
TO,VB,DT,NN,IN
NN,IN,DT,JJ,NN
",",RB,DT,NN,MD
MD,VB,DT,NN,IN
CC,VB,DT,JJS,NN
IN,DT,DT,NNS,IN
TO,VB,DT,NNS,CC
CC,VB,DT,JJ,NN
VBG,TO,DT,NN,''
VBZ,IN,DT,NN,IN
NN,IN,DT,NNS,.
NN,",",DT,NN,IN
NNS,IN,DT,NN,''
NN,VBZ,DT,NNP,NNP
NN,IN,DT,JJ,NN
VBG,NN,DT,JJ,NN
NN,IN,DT,NN,WDT
TO,VB,DT,NN,NNS
JJ,IN,DT,NNS,MD
IN,RB,DT,NN,IN
NN,IN,DT,JJ,NNS
RB,",",DT,JJ,NNS
TO,VB,DT,NN,IN
NNPS,",",DT,NN,IN
NNS,IN,DT,NN,VBZ
NNS,IN,DT,JJ,NN
RB,IN,DT,NN,NN
NN,IN,DT,JJ,DT
DT,JJ,DT,NN,IN
IN,NN,DT,JJ,NN
TO,NNS,DT,NN,.
NNS,IN,DT,NN,TO
TO,JJ,DT,NNS,IN
NN,IN,DT,NNS,CC
NN,IN,DT,JJ,NNS
PRP,VBP,DT,NN,IN
VBP,JJ,DT,NNS,IN
VBD,TO,DT,NNS,","
IN,IN,DT,JJ,EX
",",IN,DT,NNS,NN
NNS,VBP,DT,NNS,IN
NN,VBZ,DT,NN,IN
CD,IN,DT,NNS,NN
NNS,IN,DT,NN,IN
NN,IN,DT,NN,NN
IN,:,DT,NN,NN
VBN,IN,DT,NN,.
",",CC,DT,NN,IN
NN,VBZ,DT,NNP,NNP
RB,IN,DT,VBP,VBG
VB,VBG,DT,JJ,NN
CC,VBG,DT,NN,","
VBG,TO,DT,NN,IN
IN,IN,DT,JJ,NN
NN,VBG,DT,NN,NNS
JJ,IN,DT,NNP,","
RB,",",DT,NN,IN
",",CC,DT,NN,.
:,VBG,DT,NNS,POS
",",VBG,DT,NN,","
NNP,NNS,DT,NNS,IN
NN,IN,DT,JJ,NN
JJ,TO,DT,JJ,JJ
",",WRB,DT,NN,VBZ
CC,JJ,DT,NNS,.
VB,IN,DT,NN,.
NNS,",",DT,JJ,NN
NNS,VBD,DT,NNS,NNS
",",IN,DT,JJ,","
IN,NN,DT,JJ,NN
TO,VB,DT,NNS,IN
NN,IN,DT,NN,VBZ
NNS,IN,DT,NN,","
NN,IN,DT,VBG,NNS
NNS,IN,DT,NN,NN
TO,VB,DT,NN,CC
CC,RB,DT,NN,IN
NN,IN,DT,NN,:
NNS,VBP,DT,JJ,NNS
NN,IN,DT,NN,CC
CC,IN,DT,JJ,NN
NN,IN,DT,JJ,NNS
NN,",",DT,VBG,IN
VBG,NNS,DT,NN,NN
IN,IN,DT,JJ,.
VBG,NNS,DT,JJ,NN
CC,VB,DT,NN,IN
IN,NN,DT,NNS,IN
TO,VB,DT,NNS,VBP
IN,VBG,DT,JJ,NNS
TO,VB,DT,NN,.
VBG,VBZ,DT,NNS,VBP
VBP,IN,DT,NN,MD
IN,IN,DT,JJ,NNS
TO,VB,DT,NN,NNS
CC,VB,DT,NN,MD
VB,IN,DT,NN,","
NN,",",DT,JJ,NN
TO,VB,DT,NN,IN
NN,IN,DT,NN,.
VBN,IN,DT,JJ,NNS
NNS,IN,DT,JJ,NNS
NNS,IN,DT,NN,IN
NN,IN,DT,NN,IN
NN,IN,DT,NN,.
PRP,IN,DT,NN,WDT
JJ,IN,DT,JJ,NN
CC,MD,DT,NN,NNS
VBN,TO,DT,DT,NN
NN,IN,DT,JJ,NN
NNS,",",DT,JJ,NN
NN,",",DT,NN,IN
NNS,IN,DT,NN,NN
CC,VBG,DT,NNS,TO
TO,VB,DT,NNS,:
NNS,CC,DT,NNS,.
TO,VB,DT,``,JJ
NNS,IN,DT,NNS,CC
IN,NN,DT,JJ,NNS
NNS,IN,DT,NN,.
VB,IN,DT,NN,NN
NN,VBP,DT,JJ,NN
NN,",",DT,NN,NN
NN,CC,DT,NNS,WP
NN,IN,DT,JJ,NNS
NNS,VBD,DT,NNS,WDT
NNS,WDT,DT,NN,NN
NNP,NNP,DT,NNP,NNP
RB,NNS,DT,JJ,NNS
NNS,IN,DT,NN,NN
NN,IN,DT,NN,NNS
VB,IN,DT,JJ,JJ
NN,IN,DT,JJ,NN
RB,VBZ,DT,JJ,NNS
NNS,IN,DT,NN,NN
NN,IN,DT,JJ,IN
JJ,IN,DT,DT,NNS
NNS,IN,DT,JJ,NNS
NNS,IN,DT,JJ,NN
VB,IN,DT,NN,IN
NN,IN,DT,NN,NN
IN,IN,DT,NN,IN
NN,IN,DT,NN,IN
IN,IN,DT,JJ,NN
NNS,WDT,DT,NNP,NNP
WDT,VBD,DT,NNS,IN
PRP,VB,DT,NNS,IN
NN,IN,DT,NN,MD
NN,IN,DT,JJ,NNS
IN,IN,DT,NNS,IN
NNS,IN,DT,NNS,IN
NNS,IN,DT,NN,NNS
TO,VB,DT,JJ,NN
NN,IN,DT,VBG,JJ
NN,IN,DT,NN,","
VBG,IN,DT,JJ,NNS
IN,NN,DT,JJ,NN
IN,NN,DT,VBG,IN
VBG,IN,DT,NN,NN
NN,TO,DT,NNS,RB
IN,VBG,DT,NN,IN
PRP,VBZ,DT,JJ,NN
TO,VB,DT,NNS,.
CD,IN,DT,JJS,NN
NNS,TO,DT,NN,.
MD,VB,DT,NN,IN
",",CC,DT,NN,MD
TO,VB,DT,JJ,NN
VB,RB,DT,NN,TO
NN,TO,DT,NN,IN
MD,VB,DT,NN,IN
IN,IN,DT,JJR,NN
IN,",",DT,JJ,NN
RB,",",DT,JJ,NN
NN,IN,DT,JJ,NN
JJ,TO,DT,NN,","
RB,TO,DT,NN,IN
RB,",",DT,JJ,NNS
IN,VBG,DT,NN,VBP
JJ,IN,DT,NN,MD
JJ,TO,DT,JJ,NNS
CD,IN,DT,JJ,NNS
RB,VB,DT,NN,IN
NN,IN,DT,NN,NN
NNS,WRB,DT,NN,NN
NNS,TO,DT,NNS,.
JJ,IN,DT,NNS,WDT
NNS,WDT,DT,NNS,VBP
JJ,TO,DT,NNS,IN
IN,IN,DT,JJ,VBN
NN,VBZ,DT,JJ,NN
JJ,TO,DT,JJ,NNS
IN,IN,DT,JJR,NN
TO,VB,DT,NN,","
TO,VB,DT,JJ,NN
TO,VB,DT,JJ,NN
VBN,IN,DT,NN,VBG
VB,",",DT,NN,VBG
VBP,IN,DT,NN,VBG
VBG,VBZ,DT,JJS,NN
TO,VB,DT,NN,.
RB,",",DT,NN,VBD
NN,IN,DT,JJR,NN
TO,VB,DT,JJ,NN
IN,TO,DT,NNS,CC
NNS,CC,DT,NNS,.
RB,IN,DT,JJ,CC
TO,VB,DT,NN,IN
PRP,IN,DT,NNS,PRP
NNS,IN,DT,VBG,NN
NN,TO,DT,NN,CC
PRP,VBZ,DT,NN,POS
PRP,VBZ,DT,JJS,NN
VB,IN,DT,VBG,NN
JJR,IN,DT,NNS,TO
VB,IN,DT,JJ,NNS
TO,VB,DT,NN,PRP
VBP,CC,DT,NN,IN
WP,NN,DT,NN,IN
VB,IN,DT,NN,PRP
VB,TO,DT,NNS,","
JJ,IN,DT,JJ,NNS
JJ,IN,DT,JJ,NNS
VBN,IN,DT,NN,IN
VBZ,NN,DT,NN,IN
NN,IN,DT,NN,WRB
JJR,IN,DT,JJ,.
NN,TO,DT,NNS,CC
JJ,TO,DT,JJ,CC
NNS,",",DT,JJ,NN
VB,IN,DT,JJ,NN
RB,VB,DT,NN,IN
DT,IN,DT,NNS,PRP
WDT,VBZ,DT,NN,IN
NN,IN,DT,NNS,IN
CC,NNS,DT,JJ,NN
CC,VB,DT,NN,IN
NN,IN,DT,NN,.
CD,IN,DT,NNS,IN
NN,IN,DT,NN,.
",",NN,DT,NN,.
IN,IN,DT,NN,","
NN,",",DT,NN,NN
NN,VBD,DT,NN,NN
WDT,JJ,DT,NN,TO
TO,VB,DT,JJ,.
IN,IN,DT,NN,VBG
VBN,TO,DT,NN,IN
NN,CC,DT,NN,MD
NNS,IN,DT,VBD,RB
RB,VB,DT,NNS,IN
",",IN,DT,JJ,NN
NNS,",",DT,NN,NN
CD,IN,DT,NN,TO
",",IN,DT,NN,IN
NNS,IN,DT,NN,.
CD,IN,DT,JJ,NN
TO,VB,DT,JJ,IN
VBN,IN,DT,NNS,","
NN,TO,DT,JJ,NN
TO,VB,DT,NN,","
NN,VBZ,DT,JJ,NN
VBG,CC,DT,NN,VBZ
NN,NN,DT,NNP,NN
TO,VB,DT,NN,TO
NN,VBZ,DT,JJ,NNS
NNS,IN,DT,JJ,.
NN,VBZ,DT,JJ,NN
JJR,IN,DT,JJ,.
NNS,IN,DT,NN,VBG
PRP,VBP,DT,NN,.
JJ,JJ,DT,JJ,IN
NNS,IN,DT,NN,","
WDT,VBP,DT,NNS,WDT
WDT,VBP,DT,NNS,WDT
JJ,IN,DT,JJ,NNS
NNS,IN,DT,NN,IN
NN,IN,DT,CD,CD
NNS,VBP,DT,NN,IN
NN,IN,DT,NN,POS
WDT,VBP,DT,NNS,IN
VBD,IN,DT,NNS,IN
VB,IN,DT,NN,IN
NNS,VBP,DT,NNS,IN
MD,VB,DT,NNS,IN
RBS,IN,DT,NN,CC
NN,CC,DT,NNS,WDT
",",IN,DT,JJ,","
JJ,IN,DT,JJ,NNS
PRP,VBD,DT,JJ,NNS
NN,",",DT,NNS,WDT
JJ,TO,DT,NNS,CC
NNS,CC,DT,NNS,IN
IN,NN,DT,NN,IN
JJ,IN,DT,NNS,IN
NNS,CC,DT,NNS,IN
NNP,NNP,DT,NNP,NNP
DT,NNS,DT,NN,NN
NNP,VBD,DT,JJ,NN
CC,IN,DT,NN,TO
PRP,VBP,DT,NN,NN
RB,IN,DT,NN,CC
MD,VB,DT,NN,PRP
NN,VBP,DT,NNS,POS
DT,IN,DT,NNS,WDT
WRB,JJ,DT,NNS,VBP
VBP,IN,DT,NN,NN
NNS,TO,DT,NN,.
RB,IN,DT,NN,IN
NN,IN,DT,JJ,NNS
MD,VB,DT,NNS,IN
NNS,IN,DT,NN,.
WRB,JJ,DT,NNS,POS
NNS,IN,DT,NN,PRP
VBG,CC,DT,NN,VBZ
RB,VB,DT,NNS,IN
MD,VB,DT,NN,VBP
NN,VBP,DT,JJ,NN
NN,IN,DT,NNS,CC
IN,IN,DT,JJ,NNS
MD,VB,DT,JJ,NN
NN,WRB,DT,NN,NN
NN,NN,DT,NNS,CC
NNS,WRB,DT,NN,NN
NN,NN,DT,JJ,NN
VBP,IN,DT,NN,MD
IN,VBG,DT,NN,POS
RB,VB,DT,NNS,IN
NNS,WRB,DT,NN,VBP
NNP,VBZ,DT,JJS,NN
NN,IN,DT,JJ,VBZ
NN,IN,DT,NNP,CC
NNP,CC,DT,NN,:
JJR,JJ,DT,RB,VBD
TO,VB,DT,NN,.
TO,VB,DT,NN,NN
VBN,IN,DT,NNS,IN
RB,VB,DT,NNS,POS
NNS,IN,DT,NN,NN
RB,VBN,DT,NNS,IN
NNS,IN,DT,NN,POS
NNP,",",DT,NN,CC
NN,CC,DT,NN,IN
NNS,IN,DT,NNS,NN
NNS,IN,DT,NN,","
NNS,IN,DT,NN,NNS
VB,VBN,DT,NN,IN
TO,VB,DT,NNS,NN
NN,CC,DT,NN,MD
RB,VB,DT,NN,NN
CC,RB,DT,NNS,IN
VBG,IN,DT,NNS,IN
CC,NN,DT,NNS,IN
VBG,IN,DT,NNS,IN
IN,DT,DT,NNS,MD
CC,NN,DT,NNS,WDT
",",VBD,DT,NNS,VBG
RB,VB,DT,NN,IN
NN,IN,DT,NN,IN
NN,IN,DT,JJ,NN
TO,VB,DT,NN,IN
TO,VB,DT,NN,IN
NN,IN,DT,NNS,.
IN,IN,DT,NN,","
VB,IN,DT,NNS,IN
NNS,IN,DT,NNS,TO
TO,NN,DT,NNS,VBZ
VBZ,IN,DT,NN,.
JJ,IN,DT,NNS,WP
RB,IN,DT,JJ,NNS
PRP,VBZ,DT,NN,CC
NNS,VBP,DT,JJ,NN
JJ,IN,DT,NNS,CC
VBP,RB,DT,NN,IN
NN,IN,DT,NN,","
VBP,IN,DT,NN,VBZ
NN,IN,DT,NNS,.
JJ,IN,DT,NN,NN
VBG,IN,DT,NN,CC
NN,CC,DT,NN,IN
NN,IN,DT,NN,","
TO,VB,DT,NN,IN
NN,IN,DT,NN,VBP
JJ,IN,DT,JJ,NN
NN,IN,DT,NN,.
NN,IN,DT,NN,.
VBN,IN,DT,NNS,CC
JJS,IN,DT,JJ,NNS
TO,VB,DT,JJ,NNS
RB,IN,DT,NN,CC
NNS,VBP,DT,JJ,NN
NNS,VBP,DT,MD,VB
NN,VBD,DT,NN,IN
NN,IN,DT,NN,RB
NNS,IN,DT,NN,.
IN,VBG,DT,NNS,.
CD,IN,DT,JJ,NN
",",NN,DT,JJ,NNS
NN,VBD,DT,JJ,NN
VBN,IN,DT,JJ,IN
JJ,IN,DT,NNP,NNP
PRP,VBP,DT,JJS,NNS
JJ,IN,DT,JJ,.
VBP,IN,DT,NN,","
NN,IN,DT,NN,IN
NN,IN,DT,NN,","
MD,VB,DT,NN,CC
NN,CC,DT,JJ,NN
NN,IN,DT,JJ,JJ
WRB,PRP,DT,NN,VBG
IN,NNS,DT,NNS,IN
NNS,IN,DT,NN,NNS
TO,VB,DT,NN,NN
NN,IN,DT,NNS,NNS
WP,NN,DT,NNS,VBP
VB,IN,DT,NNS,VBP
JJS,IN,DT,NNS,","
VB,IN,DT,JJ,NN
VBG,IN,DT,NNS,CC
CC,IN,DT,NNS,RB
TO,VB,DT,NNS,DT
DT,NNS,DT,JJS,NNS
NN,IN,DT,NN,NN
PRP,IN,DT,NNS,VBP
VBP,IN,DT,NN,NN
RB,IN,DT,NN,MD
PRP,IN,DT,NN,.
PRP,VBZ,DT,JJ,NN
TO,VB,DT,NNS,NN
RB,",",DT,JJ,NN
TO,VB,DT,NNS,NN
NN,IN,DT,NN,","
PRP,VBP,DT,JJ,NN
VBP,WRB,DT,NNS,VBZ
VB,IN,DT,JJ,.
PRP,IN,DT,NNS,VBG
MD,VB,DT,JJ,NN
VBD,IN,DT,JJ,NN
PRP,IN,DT,NN,","
JJ,NN,DT,JJ,IN
VBP,IN,DT,NN,.
DT,",",DT,JJ,NNS
NNS,VBP,DT,JJ,NN
VB,WRB,DT,NNS,VBP
CD,IN,DT,JJS,NN
TO,VB,DT,NN,NNS
CC,VB,DT,NN,NN
NN,IN,DT,JJ,JJ
IN,DT,DT,NNS,.
WP,VBZ,DT,NN,TO
TO,VB,DT,NN,IN
PRP,VBZ,DT,NNS,","
NN,IN,DT,NNS,IN
RB,IN,DT,NN,","
NNS,VBP,DT,NNS,CC
NNS,CC,DT,NNS,IN
NNS,IN,DT,NNS,.
NNS,IN,DT,NN,.
NNS,VBP,DT,NN,NN
TO,VB,DT,NNS,IN
",",WRB,DT,NNS,VBP
NN,",",DT,NN,VBP
NNS,VBP,DT,NN,IN
VB,IN,DT,NNS,VBP
DT,IN,DT,NN,.
NN,IN,DT,NN,","
MD,VB,DT,NNS,IN
MD,VB,DT,NN,IN
TO,VB,DT,JJS,CC
VB,IN,DT,NNS,VBP
NN,IN,DT,NNS,VBP
MD,VB,DT,NN,CC
IN,NN,DT,NN,NN
CD,IN,DT,RBS,JJ
RB,VBG,DT,JJR,NN
RB,VBG,DT,NNS,","
",",VBG,DT,NNS,","
",",CC,DT,NN,IN
WP,NN,DT,NN,.
TO,VB,DT,NN,IN
TO,VB,DT,NNS,CC
TO,VB,DT,JJS,NN
NN,",",DT,NN,VBZ
NN,TO,DT,JJS,NNS
TO,VB,DT,NN,IN
IN,VBG,DT,JJ,NN
VBZ,JJ,DT,NNS,TO
VB,IN,DT,NN,.
NN,WP,DT,NN,NN
VBZ,WP,DT,NN,NN
VBN,IN,DT,NNS,MD
JJS,IN,DT,NNS,VBP
",",IN,DT,NN,IN
NN,IN,DT,NN,NN
CD,VBZ,DT,NN,IN
NN,IN,DT,NNS,NN
JJ,NN,DT,NN,JJ
RB,IN,DT,NN,CC
VBP,DT,DT,NNS,IN
JJ,PRP,DT,JJ,NN
PRP,IN,DT,NN,IN
VB,IN,DT,NN,IN
NN,IN,DT,NN,VBD
IN,IN,DT,NNS,.
VB,TO,DT,NNP,NNP
IN,IN,DT,JJ,NN
VBP,IN,DT,NN,RB
RB,",",DT,NN,NN
VB,IN,DT,NN,CC
NN,CC,DT,NN,NN
RB,RB,DT,NNS,WDT
VBD,IN,DT,NN,.
DT,IN,DT,NNS,VBZ
NNS,IN,DT,NN,.
RB,VBD,DT,JJ,NNS
NNS,NN,DT,NN,NNS
RB,VBP,DT,NN,TO
VB,TO,DT,NN,WDT
VBP,CC,DT,NNS,VBP
JJS,IN,DT,NN,.
TO,VB,DT,NN,CC
JJ,NNS,DT,NNS,WP
VBZ,IN,DT,NN,IN
NN,IN,DT,NN,","
TO,VB,DT,NN,TO
TO,VB,DT,JJ,NN
JJ,IN,DT,NN,NN
VBP,VBG,DT,NN,IN
RB,",",DT,NNS,IN
NNS,VBD,DT,NN,IN
TO,VB,DT,JJS,NN
WP,VBZ,DT,JJS,NN
NNS,CC,DT,NNP,NNP
TO,VB,DT,DT,NN
VB,DT,DT,NN,IN
NN,IN,DT,NN,IN
NN,IN,DT,JJ,NN
NN,IN,DT,NN,:
NNS,IN,DT,NN,VBZ
VBZ,IN,DT,NNP,VBD
TO,VB,DT,NN,IN
NN,IN,DT,NN,IN
TO,VB,DT,NNS,WP
VB,IN,DT,NN,NN
NNS,IN,DT,NN,VBP
VBN,VBG,DT,NNS,VBP
TO,VB,DT,NNS,WP
VBN,IN,DT,NNS,CC
NNS,CC,DT,DT,NNS
CC,DT,DT,NNS,WP
NN,IN,DT,NNS,:
",",VBZ,DT,NN,DT
DT,NN,DT,JJS,NN
TO,VB,DT,NNS,CC
TO,VB,DT,JJ,NN
NN,IN,DT,NN,.
RB,VBZ,DT,JJ,NN
NN,IN,DT,NNS,CC
MD,VB,DT,NN,IN
NN,IN,DT,NNS,.
TO,VB,DT,DT,NNS
VB,DT,DT,NNS,IN
NNS,IN,DT,NN,DT
DT,NN,DT,JJ,NN
TO,VB,DT,NN,CC
NN,CC,DT,NN,IN
NN,IN,DT,NN,IN
EX,VBZ,DT,NN,IN
NN,IN,DT,NNS,VBG
VBG,IN,DT,NN,IN
NN,IN,DT,JJ,NN
NN,",",DT,NNS,WDT
NNS,WDT,DT,NNS,VBP
TO,VB,DT,NN,IN
NN,IN,DT,NNS,IN
",",CC,DT,NN,IN
NN,IN,DT,NNS,WDT
VBN,IN,DT,NNS,VBP
IN,VBG,DT,NN,IN
NNS,IN,DT,NN,DT
VBP,VBG,DT,JJS,NNS
NNP,",",DT,NN,IN
IN,VBG,DT,NN,VBZ
TO,VB,DT,NN,POS
MD,VB,DT,JJ,NNS
NNS,IN,DT,NN,WDT
WDT,VBP,DT,NN,CC
VBZ,IN,DT,NN,MD
RB,VB,DT,NNS,VBP
RB,IN,DT,NNS,WDT
VB,IN,DT,NNS,IN
MD,VB,DT,NN,NN
TO,VB,DT,NN,IN
NN,IN,DT,JJ,NN
JJ,IN,DT,NN,NNS
RB,IN,DT,NN,WDT
NNS,IN,DT,NN,IN
CD,IN,DT,NN,POS
NN,TO,DT,NN,.
NN,",",DT,NN,MD
VBG,IN,DT,NN,NNS
TO,VB,DT,NN,PRP$
VBZ,VBG,DT,NNS,CC
NN,NNS,DT,VBG,NNS
VB,IN,DT,JJ,CC
JJ,CC,DT,JJ,NN
IN,",",DT,JJ,NN
NNS,VBP,DT,JJ,NN
VBG,IN,DT,JJ,NN
VB,TO,DT,JJ,DT
DT,JJ,DT,JJ,NN
TO,VB,DT,JJ,NNS
VB,IN,DT,JJ,NNS
TO,VB,DT,NN,IN
RB,VB,DT,NN,.
PRP,VBZ,DT,NN,WRB
NN,WRB,DT,JJ,NN
TO,VB,DT,JJ,NN
CC,IN,DT,NN,WRB
PRP,RB,DT,NN,JJ
JJ,TO,DT,JJ,NN
NN,IN,DT,JJ,NN
NN,CC,DT,NNS,CC
NN,IN,DT,NN,.
VBZ,VBN,DT,NN,IN
VBN,IN,DT,NNP,NNP
NNP,",",DT,NN,IN
NN,IN,DT,JJ,NN
RB,IN,DT,NN,IN
NN,IN,DT,NN,RB
JJ,TO,DT,NN,IN
RB,JJ,DT,JJ,NN
TO,VB,DT,NN,NN
NN,VBZ,DT,DT,JJ
",",IN,DT,NN,VBZ
NN,VBZ,DT,NN,IN
NN,IN,DT,NN,CC
NN,CC,DT,NN,IN
NN,IN,DT,JJ,IN
JJ,IN,DT,NN,VBD
VBN,IN,DT,JJ,IN
IN,NN,DT,NNS,CC
NNS,CC,DT,NNS,CC
TO,VB,DT,NN,CC
CC,VB,DT,NN,CC
JJ,",",DT,NN,IN
CC,VB,DT,NN,IN
NN,NN,DT,JJ,NN
VBG,IN,DT,NNS,CC
CC,IN,DT,JJ,NN
NN,IN,DT,JJ,NN
NN,CC,DT,NN,IN
NNS,IN,DT,JJ,NN
VBP,IN,DT,NN,VBG
RB,IN,DT,JJ,NN
VB,IN,DT,JJ,NN
RB,",",DT,JJ,NN
RB,VB,DT,JJ,NN
VBP,IN,DT,JJ,NN
RB,IN,DT,JJ,NN
VBG,IN,DT,NN,IN
NNP,NNP,DT,JJ,NN
NNP,WDT,DT,JJ,NN
RBR,IN,DT,JJ,NN
NNS,IN,DT,``,NNP
'',IN,DT,NN,VBG
RB,",",DT,JJ,IN
NNS,IN,DT,JJ,NN
VBN,IN,DT,JJ,NNS
VBZ,IN,DT,JJ,NN
RB,IN,DT,NN,NN
RB,",",DT,JJ,NN
PRP,VBP,DT,NNS,IN
NNS,IN,DT,JJ,NN
VBP,IN,DT,JJ,NN
DT,NN,DT,NN,NN
NN,NN,DT,JJ,NN
DT,NN,DT,NN,DT
DT,NN,DT,NNS,TO
PRP,VBP,DT,NN,NN
NN,CC,DT,JJ,NN
NNS,IN,DT,NNS,IN
NN,WDT,DT,JJ,NN
NNS,IN,DT,NNS,NNS
",",JJ,DT,NNS,DT
DT,NNS,DT,NN,TO
TO,NNS,DT,NNS,IN
PRP,VBP,DT,JJ,NN
VBN,IN,DT,JJ,CC
VBZ,IN,DT,JJ,NN
WDT,VB,DT,NNS,TO
",",NN,DT,NN,VBZ
NN,VBZ,DT,JJ,NN
NN,IN,DT,NN,CC
NN,",",DT,NNS,IN
NNS,IN,DT,NNS,CC
NNS,CC,DT,NNS,CC
NNS,CC,DT,NNS,TO
TO,VB,DT,NN,CC
NN,CC,DT,NNP,NN
NN,IN,DT,NN,CC
RB,JJ,DT,JJ,NN
NN,NN,DT,NN,VBZ
VBZ,CC,DT,JJ,NN
VBG,TO,DT,NN,``
",",CC,DT,NN,``
TO,VB,DT,CD,NNS
NNS,VBZ,DT,JJ,NN
CC,IN,DT,JJ,NN
NN,IN,DT,JJ,NN
NN,",",DT,NN,IN
NN,VBZ,DT,JJS,NN
VB,IN,DT,JJ,NNS
PRP,TO,DT,NN,.
NNS,",",DT,JJ,NN
IN,DT,DT,NN,.
MD,VB,DT,NN,IN
VBZ,RB,DT,JJ,IN
WRB,VBZ,DT,VBG,IN
VBG,IN,DT,NNS,CC
CC,IN,DT,NN,PRP
NN,VBZ,DT,JJS,NN
WDT,VBZ,DT,NN,IN
IN,VBG,DT,NN,POS
NN,TO,DT,NN,IN
NN,VBZ,DT,JJS,NNS
VBP,IN,DT,JJ,NNS
PRP,VBD,DT,NN,","
NN,VBZ,DT,NN,IN
NNS,IN,DT,NN,MD
NN,IN,DT,NN,NNS
VBP,IN,DT,JJ,NN
PRP,VBZ,DT,NN,IN
VBP,IN,DT,JJ,NN
NN,IN,DT,JJ,CD
NNP,",",DT,JJ,NN
NN,IN,DT,NN,RB
RB,IN,DT,NNS,.
NN,TO,DT,NN,.
MD,VB,DT,NN,NN
MD,VB,DT,NN,IN
IN,VBG,DT,NN,NN
JJ,",",DT,JJ,NN
WDT,NN,DT,NN,IN
MD,VB,DT,NN,NN
CD,IN,DT,NN,NN
NNS,IN,DT,JJ,VBD
PRP,VBD,DT,JJ,NN
RB,IN,DT,JJ,NN
NNS,IN,DT,NN,WP
NN,IN,DT,NN,NNS
NN,VBZ,DT,NN,IN
WP,VBP,DT,JJ,NN
JJ,IN,DT,JJ,NN
NNP,",",DT,JJ,NN
IN,RB,DT,NNS,VBD
IN,``,DT,JJ,NN
NN,IN,DT,NN,:
NN,",",DT,NN,NNS
IN,NN,DT,NN,IN
",",IN,DT,NN,VBP
JJR,CC,DT,JJ,NNS
JJ,WRB,DT,NNS,VBN
TO,VB,DT,NN,IN
NN,IN,DT,NNS,VBP
IN,VBG,DT,JJ,NN
RB,VB,DT,NN,``
MD,VB,DT,NN,JJR
NN,NN,DT,NN,VBP
WDT,VBP,DT,NN,VBZ
MD,VB,DT,NNS,IN
NN,NN,DT,NN,.
JJ,NN,DT,NN,VBZ
TO,VB,DT,NNS,IN
NN,CC,DT,NNS,IN
NN,WDT,DT,NNS,MD
RB,VB,DT,NN,CC
CC,NNS,DT,NNS,NN
NNP,",",DT,NN,MD
TO,VB,DT,DT,NN
VB,DT,DT,NN,.
TO,VB,DT,NN,NN
NN,TO,DT,NN,WDT
NNS,",",DT,NN,MD
VBN,IN,DT,NN,CC
PRP,VBZ,DT,NN,.
NN,WDT,DT,JJ,NN
TO,VB,DT,JJ,NNS
MD,VB,DT,JJ,NN
NN,IN,DT,JJ,NNS
VB,IN,DT,NNS,IN
NNS,IN,DT,NN,.
PRP$,NNS,DT,NN,VBZ
VBD,IN,DT,NNS,IN
VBP,VBP,DT,NN,CC
CC,VBG,DT,NNS,NN
TO,NNS,DT,JJ,NN
TO,VB,DT,NN,NN
NN,NN,DT,NNS,IN
NNS,IN,DT,NNS,.
TO,VB,DT,NN,IN
NN,IN,DT,NN,:
NNS,WDT,DT,JJ,NN
JJ,IN,DT,JJ,NNS
NN,IN,DT,NN,IN
NN,IN,DT,JJ,NNS
NN,IN,DT,JJ,NN
JJ,IN,DT,NN,CC
NN,CC,DT,NN,IN
NN,IN,DT,NNS,.
NNS,WDT,DT,JJ,NN
NNS,TO,DT,JJ,NN
NN,IN,DT,JJ,NN
RB,TO,DT,NN,:
NN,IN,DT,JJ,NNS
NN,TO,DT,NN,CC
CC,TO,DT,NN,NN
NN,CC,DT,NN,IN
NN,IN,DT,NNS,VBP
RB,TO,DT,JJ,NN
JJ,IN,DT,NN,IN
NN,IN,DT,JJ,NNS
PRP,MD,DT,VBG,IN
VBG,IN,DT,JJ,NNS
NN,TO,DT,JJ,NN
NN,IN,DT,JJ,NNS
NN,",",DT,VBG,IN
VBG,IN,DT,JJ,NNS
NNS,IN,DT,JJ,NN
RB,IN,DT,NNS,IN
VBD,VBN,DT,JJ,NN
NN,WRB,DT,PRP$,NNS
NN,IN,DT,JJR,JJ
PRP$,NN,DT,RBR,JJ
VBN,IN,DT,JJ,NN
RB,IN,DT,JJ,NN
IN,IN,DT,JJ,NNS
NNS,WDT,DT,JJ,NN
VBP,IN,DT,NN,CC
NN,CC,DT,NN,IN
NN,IN,DT,NNS,JJ
JJ,TO,DT,JJ,NNS
NNS,WDT,DT,JJ,NN
NN,IN,DT,NN,NN
JJ,IN,DT,NN,PRP$
TO,VB,DT,NNS,CC
CC,VB,DT,NN,.
CC,WRB,DT,NN,VBZ
CC,IN,DT,NNS,VBD
VBD,IN,DT,NNP,NNP
NN,IN,DT,JJ,NN
RB,VB,DT,NN,CC
RB,IN,DT,NNS,.
NNS,IN,DT,NNS,IN
JJ,IN,DT,JJ,JJ
NN,JJ,DT,NN,IN
VBP,JJ,DT,NNS,IN
JJ,NN,DT,NN,NNS
NN,IN,DT,JJ,NN
NN,IN,DT,NN,IN
IN,IN,DT,JJ,NNS
NNS,IN,DT,NNS,.
NN,IN,DT,JJ,NN
VBN,IN,DT,NN,NN
RB,",",DT,NNS,CC
NNS,CC,DT,NNS,VBP
NNS,VBP,DT,NN,TO
VBG,IN,DT,NNS,","
VBZ,VBN,DT,JJS,NN
VBZ,IN,DT,JJ,IN
TO,VB,DT,NNS,IN
CC,VB,DT,NNS,:
NNS,IN,DT,NNS,WDT
NN,",",DT,JJ,NN
NNS,IN,DT,NN,CC
WDT,VBN,DT,NNP,NN
RB,VBG,DT,NN,IN
IN,NN,DT,JJ,NNS
NN,IN,DT,NN,IN
PRP,VBP,DT,NNS,CC
VBP,VBP,DT,JJ,NN
PRP,VBD,DT,NNP,NNS
TO,VB,DT,NNS,IN
NN,",",DT,JJ,NN
NNS,",",DT,NNS,WDT
TO,VB,DT,NNS,.
PRP,VBP,DT,NN,MD
NN,IN,DT,NN,.
CD,IN,DT,RBS,JJ
VBZ,JJ,DT,NN,:
VB,NNS,DT,JJ,NN
RB,IN,DT,JJ,NN
NN,VBZ,DT,JJS,CC
PRP,IN,DT,NN,NN
NNP,VBZ,DT,NN,IN
PRP,VBZ,DT,JJ,NN
",",WP,DT,NNS,WDT
WP,VBZ,DT,NNS,WDT
",",NN,DT,JJ,NN
CC,IN,DT,NN,IN
JJ,IN,DT,NN,PRP$
WP,VBP,DT,NNS,WDT
CD,IN,DT,JJS,NNS
NNS,IN,DT,NNP,NNPS
NN,VBZ,DT,JJS,NN
VBP,IN,DT,NN,:
TO,VB,DT,NNS,.
VBD,IN,DT,NN,IN
NN,IN,DT,NN,VBZ
VBZ,VBG,DT,NN,NNS
VB,IN,DT,NN,VBP
IN,VBG,DT,JJ,NN
DT,IN,DT,NNS,WDT
NNS,",",DT,NN,MD
VB,IN,DT,NNS,PRP
PRP,VBZ,DT,NN,WRB
NNS,IN,DT,JJ,VBP
JJ,IN,DT,JJ,RB
DT,NN,DT,NN,NNS
DT,IN,DT,PRP$,NNS
VBG,IN,DT,NNS,WDT
IN,DT,DT,NNS,CC
NN,VBZ,DT,JJS,VBG
PRP,VBZ,DT,JJ,NN
MD,VB,DT,NN,IN
PRP,VBZ,DT,JJ,NN
TO,VB,DT,JJ,NN
IN,NN,DT,NN,NN
WDT,NN,DT,NNS,TO
CD,IN,DT,NNS,DT
RB,",",DT,NN,IN
MD,VB,DT,NN,IN
JJ,NN,DT,NNS,VBP
VB,PDT,DT,NN,TO
NN,IN,DT,NN,.
VBN,TO,DT,NN,POS
NN,",",DT,NNP,VBZ
NN,IN,DT,NN,WDT
WP,VBZ,DT,JJ,CC
VBP,DT,DT,NNS,VBP
",",DT,DT,NNS,VBP
VB,IN,DT,NNP,VBP
NN,IN,DT,NN,VBZ
TO,VB,DT,NN,VBD
VBG,DT,DT,NNS,TO
NNS,TO,DT,NNS,:
TO,VB,DT,DT,NN
VB,DT,DT,NN,IN
PRP,DT,DT,NN,PRP
IN,",",DT,NN,IN
NNS,IN,DT,NN,VBZ
NN,VBZ,DT,RBS,JJ
VB,IN,DT,NNS,IN
VBP,IN,DT,NN,NN
TO,VB,DT,NN,PRP
",",RB,DT,NN,PRP
WDT,NN,DT,NN,IN
RB,VBG,DT,NN,PRP
",",IN,DT,NN,``
JJS,IN,DT,NN,NNS
JJS,IN,DT,NN,CC
MD,VB,DT,NN,TO
RB,",",DT,NN,VBZ
JJ,IN,DT,NN,","
RB,",",DT,NNS,NNS
TO,VB,DT,NN,NN
JJ,IN,DT,NN,IN
NN,",",DT,NN,VBZ
",",IN,DT,NN,``
TO,VB,DT,JJS,NN
TO,VB,DT,WRB,JJ
NNS,VBD,DT,NN,JJ
RB,IN,DT,NN,PRP
",",CC,DT,NN,IN
MD,VB,DT,NN,IN
VBG,IN,DT,NN,IN
NN,",",DT,NN,PRP
WP,VBZ,DT,JJ,IN
IN,NN,DT,NN,IN
RB,",",DT,NNS,IN
NNS,IN,DT,NN,.
NN,IN,DT,NN,PRP
CC,IN,DT,NNS,WDT
RP,IN,DT,JJR,NNS
TO,NN,DT,NN,NN
RBR,IN,DT,NN,CC
NN,CC,DT,NN,NN
NN,IN,DT,NNS,IN
NNS,IN,DT,NN,JJ
JJ,IN,DT,NN,CC
JJR,IN,DT,NN,IN
RB,IN,DT,NN,NN
NN,IN,DT,NN,","
TO,VB,DT,NN,IN
IN,NN,DT,NN,IN
NN,IN,DT,NN,IN
VBZ,IN,DT,NN,IN
MD,VB,DT,NN,.
NN,",",DT,NNS,MD
MD,VB,DT,NNS,CC
RB,IN,DT,JJ,NN
TO,VB,DT,JJ,VBP
TO,VB,DT,NN,NNS
RB,IN,DT,NNS,PRP
VB,IN,DT,NNS,IN
JJ,TO,DT,NNS,IN
",",CC,DT,NN,IN
TO,VB,DT,JJS,NN
VBG,IN,DT,NN,NN
",",CC,DT,NN,PRP
MD,VB,DT,JJS,JJ
TO,VB,DT,NN,NN
TO,VB,DT,NN,NNS
VBZ,WRB,DT,NN,IN
RBR,IN,DT,NN,NNS
WDT,VBZ,DT,JJ,NN
RB,IN,DT,JJ,NNS
WP,VBZ,DT,JJ,NN
VBP,IN,DT,NN,IN
VBP,VBG,DT,JJS,NN
NN,TO,DT,NN,","
NNP,IN,DT,NN,``
NNP,",",DT,NN,WP
VBG,IN,DT,JJ,NN
JJS,IN,DT,NN,","
JJ,IN,DT,NN,IN
JJ,IN,DT,JJR,NNS
VBZ,IN,DT,NN,POS
NNP,",",DT,NNS,WP
NN,VBZ,DT,NN,WRB
NN,VBZ,DT,NN,IN
NN,IN,DT,JJ,NNS
TO,VB,DT,NN,IN
TO,VB,DT,NN,IN
NN,IN,DT,JJ,NN
JJ,IN,DT,NNS,IN
NN,IN,DT,NN,VBZ
JJ,",",DT,NN,VBD
NN,VBD,DT,JJS,NN
NN,IN,DT,NNS,VBP
JJ,IN,DT,NNP,VBZ
PRP,IN,DT,NN,IN
VBN,IN,DT,NN,RB
VBD,IN,DT,RBS,JJ
MD,VB,DT,NN,JJ
VB,IN,DT,NN,IN
RBS,IN,DT,NNS,VBP
:,WRB,DT,NN,NN
CC,WP,DT,NN,VBG
NN,CC,DT,NN,IN
WRB,JJ,DT,NN,CC
PRP,VB,DT,NN,IN
NNP,VBZ,DT,JJS,NN
NNS,VBZ,DT,NN,NN
PRP,VBZ,DT,JJ,WRB
JJ,WRB,DT,NN,NN
NN,IN,DT,NNS,NNP
NN,VBZ,DT,JJ,NN
TO,VB,DT,NN,CC
NN,CC,DT,NN,TO
VBD,TO,DT,NN,JJ
",",IN,DT,NN,DT
VBN,NN,DT,NN,IN
CD,IN,DT,RBS,JJ
RB,CC,DT,JJ,NN
RB,JJ,DT,JJ,NN
NN,IN,DT,NNS,VBP
",",VBZ,DT,NN,NN
NN,NN,DT,JJ,NN
",",VBZ,DT,NN,IN
NN,NN,DT,JJ,NN
VBP,IN,DT,NNS,MD
IN,IN,DT,NN,IN
CD,IN,DT,RBS,JJ
NN,VBZ,DT,NN,CC
CC,JJ,DT,NN,.
TO,VB,DT,NNS,IN
PRP,VBP,DT,NNS,IN
MD,VB,DT,NN,NN
CD,IN,DT,NN,WRB
NN,WRB,DT,NNS,MD
VBZ,IN,DT,NNS,VBP
RB,IN,DT,NN,IN
NN,VBZ,DT,NN,.
VBD,IN,DT,NN,MD
IN,WDT,DT,NN,MD
NNP,VBD,DT,JJ,IN
JJ,IN,DT,NN,MD
DT,JJ,DT,NN,IN
NN,",",DT,NN,MD
MD,VB,DT,NNS,TO
",",IN,DT,NN,IN
PRP$,NN,DT,NNS,CC
RB,JJ,DT,NNS,.
MD,VB,DT,NN,TO
TO,VB,DT,NNS,TO
TO,VB,DT,JJ,NNS
TO,VB,DT,NN,TO
NN,TO,DT,JJ,NN
IN,IN,DT,JJ,NN
TO,VB,DT,NN,IN
VBZ,VBG,DT,NN,","
CC,VB,DT,NNS,IN
NN,IN,DT,NN,","
JJ,TO,DT,VBN,RP
VBP,IN,DT,JJ,NN
TO,NN,DT,NN,POS
PRP,IN,DT,NN,IN
JJR,IN,DT,NNS,CC
RB,",",DT,NN,NN
MD,VB,DT,JJS,NN
WDT,VBP,DT,NN,NN
PRP,VBP,DT,NN,CC
PRP,VBP,DT,JJ,.
NN,IN,DT,NN,.
NN,VBG,DT,NN,VBZ
CD,IN,DT,JJ,NN
VB,IN,DT,NN,IN
MD,VB,DT,NN,IN
TO,VB,DT,NN,.
NN,IN,DT,NN,.
NN,TO,DT,NNS,.
VBP,IN,DT,VBG,IN
VBG,IN,DT,NNS,VBZ
NN,IN,DT,NNS,RB
NN,IN,DT,NNS,.
NNS,IN,DT,NN,RB
RB,IN,DT,NNS,IN
NNS,CC,DT,NNS,.
NNS,RB,DT,NNS,.
NN,NN,DT,NNS,","
VBP,IN,DT,NNS,WDT
NNS,IN,DT,NN,CC
NN,IN,DT,NN,NN
TO,VB,DT,JJS,JJ
NN,",",DT,NN,NNP
NN,IN,DT,NN,NN
NN,NN,DT,NNS,IN
NNS,IN,DT,NNS,CC
NNS,CC,DT,NNS,IN
NNS,IN,DT,NNS,TO
NNS,TO,DT,NNS,CC
VBZ,",",DT,NNS,MD
NN,IN,DT,NNS,.
NN,IN,DT,NN,RB
NN,RB,DT,NNS,CC
NNS,CC,DT,NNS,.
VBN,TO,DT,JJ,NN
VBG,TO,DT,NN,IN
NNS,IN,DT,NNS,:
VBD,",",DT,JJ,NN
JJ,IN,DT,JJ,","
NNS,IN,DT,NN,IN
NNS,",",DT,NN,MD
VBG,IN,DT,NN,NN
PRP,VBP,DT,NN,IN
IN,IN,DT,NN,IN
NNS,RB,DT,NNS,WP
NN,NN,DT,NNS,","
VBG,IN,DT,NN,IN
NN,IN,DT,NN,","
IN,CC,DT,NN,IN
NNP,'',DT,NN,VBZ
PRP,VBZ,DT,NN,IN
NNS,CC,DT,NNS,IN
JJ,IN,DT,NN,IN
VBP,IN,DT,NNS,CC
NNS,CC,DT,NNS,IN
NNS,IN,DT,NNS,PRP
NNS,WDT,DT,NNS,VBP
NN,",",DT,NN,IN
VBN,IN,DT,NN,IN
JJ,IN,DT,NN,","
NN,",",DT,NNS,VBN
IN,NN,DT,NN,NN
TO,VB,DT,NN,IN
IN,WP,DT,NN,VBD
VBP,IN,DT,NN,IN
NN,IN,DT,NN,IN
NN,IN,DT,NNS,VBZ
WP,RB,DT,NNS,VBP
NN,IN,DT,NNS,RB
RB,IN,DT,WRB,PRP
JJ,",",DT,NNS,IN
TO,VB,DT,NN,IN
TO,VB,DT,NN,IN
NN,IN,DT,NN,IN
PRP,IN,DT,NNS,NNS
PRP,IN,DT,NN,IN
VB,PRP,DT,NN,PRP
RB,",",DT,NNS,WDT
WDT,VBP,DT,NN,VBZ
WDT,NN,DT,NN,IN
NNS,IN,DT,NN,NN
CC,NN,DT,NN,PRP
VBZ,PRP,DT,NN,PRP
NN,IN,DT,JJ,NN
PRP,VBZ,DT,NN,PRP
VBD,IN,DT,JJ,.
RB,IN,DT,NN,VBZ
VBD,IN,DT,NN,IN
RB,IN,DT,JJ,NN
VBN,IN,DT,NN,","
NN,IN,DT,NN,.
JJ,IN,DT,NN,","
NN,",",DT,NN,","
NN,",",DT,NN,NN
RB,VBD,DT,NN,POS
JJ,IN,DT,NNS,PRP
IN,VBG,DT,NN,NNS
CD,IN,DT,JJ,NN
JJ,IN,DT,NN,","
MD,VB,DT,NN,IN
IN,NN,DT,NN,NNS
",",CC,DT,NN,CD
NNS,VBP,DT,NN,VBD
PRP,VBZ,DT,NN,NN
PRP$,NN,DT,NN,","
",",CC,DT,NN,IN
NN,IN,DT,NN,.
DT,IN,DT,NN,NN
VBG,NNS,DT,NNS,NN
TO,VB,DT,``,NN
RBS,IN,DT,NN,POS
VBP,IN,DT,NN,NN
NN,TO,DT,NN,IN
VB,RP,DT,NN,NN
MD,VB,DT,NN,IN
VBZ,``,DT,NNP,NNP
NNS,TO,DT,NNS,.
NNS,IN,DT,NN,NN
MD,VB,DT,JJ,NN
JJ,TO,DT,NNS,.
JJ,TO,DT,NNS,TO
RB,TO,DT,NNS,VBP
WDT,NN,DT,NN,.
VBP,RB,DT,JJ,CC
RB,VB,DT,JJ,IN
JJ,IN,DT,NNS,.
IN,NN,DT,NNS,VBP
JJ,IN,DT,NN,NN
JJ,VBZ,DT,NN,MD
TO,VB,DT,NN,IN
NN,IN,DT,NN,VBZ
VB,IN,DT,NN,VBZ
MD,VB,DT,NN,TO
IN,IN,DT,JJ,NN
MD,VB,DT,NN,TO
TO,VB,DT,NNS,VBP
NNS,VBP,DT,JJ,NN
MD,VB,DT,NN,TO
NNS,VBP,DT,JJ,IN
RB,VB,DT,NN,RB
JJ,IN,DT,NN,","
NN,",",DT,NN,TO
",",CC,DT,NN,","
PRP,VBP,DT,RBS,JJ
VB,IN,DT,NN,PRP
PRP,VB,DT,NN,.
MD,VB,DT,NN,TO
VB,TO,DT,NNS,VBP
MD,VB,DT,JJ,NN
RB,",",DT,NNS,VBP
PRP,VB,DT,NN,.
NNS,VBD,DT,JJ,NN
RB,IN,DT,NN,CC
NN,CC,DT,NN,IN
TO,VB,DT,NN,.
VBG,DT,DT,NN,CC
VBP,IN,DT,NN,IN
NN,IN,DT,NN,NNS
NNS,CC,DT,NN,IN
PRP,VBP,DT,NN,IN
VBZ,IN,DT,JJ,NN
RP,IN,DT,JJR,NNS
VBP,IN,DT,NN,IN
VBG,",",DT,NN,VBZ
NN,IN,DT,NN,VBZ
NN,IN,DT,NNS,.
NNS,IN,DT,NNS,MD
VBP,CC,DT,NN,MD
MD,VB,DT,JJ,NN
MD,VB,DT,JJS,NN
MD,VB,DT,NN,IN
VBP,IN,DT,NN,VBZ
NN,IN,DT,NN,.
PRP,VBP,DT,JJ,NN
RB,VB,DT,JJS,NN
TO,VB,DT,NN,IN
JJ,IN,DT,JJR,NNS
NNS,IN,DT,NN,VBZ
CD,IN,DT,JJ,NNS
